Episodes,Title,Writers,Directors,Rating,Num_Votes,Dwight_positive_score,Dwight_neutral_score,Dwight_negative_score,Dwight_compound_score,Jim_positive_score,Jim_neutral_score,Jim_negative_score,Jim_compound_score,Pam_positive_score,Pam_neutral_score,Pam_negative_score,Pam_compound_score,Kevin_positive_score,Kevin_neutral_score,Kevin_negative_score,Kevin_compound_score,Angela_positive_score,Angela_neutral_score,Angela_negative_score,Angela_compound_score,Stanley_positive_score,Stanley_neutral_score,Stanley_negative_score,Stanley_compound_score,Phyllis_positive_score,Phyllis_neutral_score,Phyllis_negative_score,Phyllis_compound_score,Oscar_positive_score,Oscar_neutral_score,Oscar_negative_score,Oscar_compound_score,Andy_positive_score,Andy_neutral_score,Andy_negative_score,Andy_compound_score,Ryan_positive_score,Ryan_neutral_score,Ryan_negative_score,Ryan_compound_score,Kelly_positive_score,Kelly_neutral_score,Kelly_negative_score,Kelly_compound_score,Meredith_positive_score,Meredith_neutral_score,Meredith_negative_score,Meredith_compound_score,Michael_positive_score,Michael_neutral_score,Michael_negative_score,Michael_compound_score,Creed_positive_score,Creed_neutral_score,Creed_negative_score,Creed_compound_score,Toby_positive_score,Toby_neutral_score,Toby_negative_score,Toby_compound_score,Darryl_positive_score,Darryl_neutral_score,Darryl_negative_score,Darryl_compound_score,Erin_positive_score,Erin_neutral_score,Erin_negative_score,Erin_compound_score
Episode 1,Pilot,"Greg Daniels, Ricky Gervais, and Stephen Merchant", Ken Kwapis  ,7.5,6018,0.137,0.825,0.038,0.9767,0.155,0.787,0.058,0.9822,0.167,0.775,0.058,0.9694,0.423,0.577,0.0,0.296,0.0,1.0,0.0,0.0,0.237,0.763,0.0,0.6072,0.0,1.0,0.0,0.0,0.278,0.722,0.0,0.6597,0.0,0.0,0.0,0.0,0.07,0.93,0.0,0.4215,0.0,0.0,0.0,0.0,0.0,0.0,0.0,0.0,0.188,0.728,0.084,0.9994,0.0,0.0,0.0,0.0,0.0,0.0,0.0,0.0,0.0,0.0,0.0,0.0,0.0,0.0,0.0,0.0
Episode 2,Diversity Day,B.J. Novak, Ken Kwapis  ,8.3,5890,0.218,0.694,0.088,0.9636,0.16,0.784,0.056,0.9896,0.255,0.745,0.0,0.9246,0.105,0.736,0.158,-0.4871,0.0,1.0,0.0,0.0,0.332,0.668,0.0,0.8385,0.0,0.0,0.0,0.0,0.146,0.854,0.0,0.8273,0.0,0.0,0.0,0.0,0.179,0.821,0.0,0.7096,0.0,1.0,0.0,0.0,0.0,0.0,0.0,0.0,0.206,0.727,0.067,0.9997,0.0,0.0,0.0,0.0,0.0,0.902,0.098,-0.0772,0.0,0.0,0.0,0.0,0.0,0.0,0.0,0.0
Episode 3,Health Care,Paul Lieberstein, Ken Whittingham  ,7.8,4939,0.182,0.721,0.097,0.9953,0.219,0.692,0.089,0.9917,0.074,0.798,0.128,-0.8452,0.0,1.0,0.0,0.0,0.083,0.792,0.125,-0.2621,0.226,0.693,0.081,0.644,0.0,0.0,0.0,0.0,0.24,0.73,0.03,0.8681,0.0,0.0,0.0,0.0,0.362,0.638,0.0,0.5267,0.0,0.0,0.0,0.0,0.142,0.858,0.0,0.4515,0.159,0.802,0.039,0.9984,0.0,0.0,0.0,0.0,0.0,0.0,0.0,0.0,0.0,0.0,0.0,0.0,0.0,0.0,0.0,0.0
Episode 4,The Alliance,Michael Schur, Bryan Gordon  ,8.0,4800,0.188,0.749,0.064,0.9959,0.154,0.793,0.054,0.9962,0.225,0.758,0.017,0.9939,0.39,0.61,0.0,0.4927,0.159,0.691,0.15,0.3339,0.0,1.0,0.0,0.0,0.042,0.747,0.21,-0.8081,0.208,0.753,0.039,0.9447,0.0,0.0,0.0,0.0,0.0,1.0,0.0,0.0,0.0,0.0,0.0,0.0,0.232,0.716,0.052,0.9642,0.199,0.731,0.07,0.9996,0.0,0.0,0.0,0.0,0.371,0.629,0.0,0.8504,0.0,0.0,0.0,0.0,0.0,0.0,0.0,0.0
Episode 5,Basketball,Greg Daniels, Greg Daniels  ,8.4,5296,0.166,0.815,0.018,0.9485,0.189,0.781,0.03,0.9802,0.171,0.789,0.04,0.9388,0.0,1.0,0.0,0.0,0.131,0.869,0.0,0.4871,0.0,0.876,0.124,-0.212,0.469,0.531,0.0,0.8625,0.278,0.722,0.0,0.4019,0.0,0.0,0.0,0.0,0.203,0.729,0.068,0.5775,0.0,0.0,0.0,0.0,0.0,0.0,0.0,0.0,0.164,0.771,0.065,0.9995,0.0,0.0,0.0,0.0,0.0,0.0,0.0,0.0,0.103,0.779,0.118,-0.3867,0.0,0.0,0.0,0.0
Episode 6,Hot Girl,Mindy Kaling, Amy Heckerling  ,7.7,4730,0.206,0.78,0.014,0.9856,0.201,0.752,0.047,0.997,0.2,0.754,0.046,0.9861,0.131,0.716,0.154,-0.1414,0.106,0.894,0.0,0.3612,0.487,0.513,0.0,0.765,0.0,0.0,0.0,0.0,0.0,1.0,0.0,0.0,0.0,0.0,0.0,0.0,0.203,0.797,0.0,0.8385,0.0,0.0,0.0,0.0,0.0,0.0,0.0,0.0,0.161,0.802,0.037,0.9994,0.0,0.0,0.0,0.0,0.217,0.783,0.0,0.6124,0.0,0.0,0.0,0.0,0.0,0.0,0.0,0.0
Episode 7,The Dundies,Mindy Kaling, Greg Daniels      ,8.7,5332,0.18,0.797,0.023,0.989,0.222,0.754,0.024,0.9887,0.196,0.738,0.067,0.9882,0.0,1.0,0.0,0.0,0.0,0.312,0.688,-0.296,0.141,0.859,0.0,0.8658,0.045,0.833,0.122,-0.587,0.429,0.571,0.0,0.9703,0.0,0.0,0.0,0.0,0.149,0.851,0.0,0.594,0.125,0.814,0.062,0.3067,0.0,0.0,0.0,0.0,0.185,0.776,0.039,0.9996,0.0,0.0,0.0,0.0,0.0,0.0,0.0,0.0,0.0,0.693,0.307,-0.4767,0.0,0.0,0.0,0.0
Episode 8,Sexual Harassment,B.J. Novak, Ken Kwapis      ,8.2,4521,0.267,0.733,0.0,0.933,0.192,0.741,0.067,0.9727,0.148,0.79,0.062,0.8252,0.124,0.876,0.0,0.372,0.129,0.56,0.31,-0.6369,0.0,1.0,0.0,0.0,0.0,0.886,0.114,-0.5919,0.0,0.0,0.0,0.0,0.0,0.0,0.0,0.0,0.315,0.685,0.0,0.3182,0.0,0.0,0.0,0.0,0.545,0.455,0.0,0.5574,0.162,0.778,0.06,0.9993,0.0,0.0,0.0,0.0,0.075,0.826,0.099,-0.7154,0.207,0.695,0.098,0.9105,0.0,0.0,0.0,0.0
Episode 9,Office Olympics,Michael Schur, Paul Feig  ,8.4,4496,0.163,0.791,0.046,0.9948,0.165,0.824,0.011,0.9957,0.175,0.795,0.03,0.9668,0.123,0.652,0.225,-0.6239,0.159,0.841,0.0,0.7351,0.1,0.844,0.056,0.2714,0.0,1.0,0.0,0.0,0.151,0.758,0.09,0.2695,0.0,0.0,0.0,0.0,0.106,0.894,0.0,0.7617,0.0,0.0,0.0,0.0,0.804,0.196,0.0,0.6239,0.206,0.743,0.051,0.9994,0.0,0.0,0.0,0.0,0.0,0.0,0.0,0.0,0.0,0.0,0.0,0.0,0.0,0.0,0.0,0.0
Episode 10,The Fire,B.J. Novak, Ken Kwapis        ,8.3,4445,0.146,0.759,0.095,0.9828,0.161,0.828,0.011,0.9954,0.217,0.754,0.029,0.9895,0.089,0.659,0.251,-0.533,0.149,0.808,0.043,0.8002,0.0,1.0,0.0,0.0,0.122,0.878,0.0,0.3612,0.104,0.664,0.232,-0.4767,0.0,0.0,0.0,0.0,0.116,0.85,0.034,0.9335,0.417,0.583,0.0,0.7835,0.045,0.894,0.061,-0.1154,0.187,0.754,0.058,0.999,0.0,0.0,0.0,0.0,0.0,0.0,0.0,0.0,0.0,0.0,0.0,0.0,0.0,0.0,0.0,0.0
Episode 11,Halloween,Greg Daniels, Paul Feig  ,8.1,4159,0.17,0.758,0.071,0.9891,0.156,0.792,0.051,0.9928,0.154,0.79,0.056,0.9696,0.0,1.0,0.0,0.0,0.055,0.945,0.0,0.4574,0.0,0.714,0.286,-0.5574,0.275,0.522,0.203,0.3076,0.488,0.512,0.0,0.8604,0.0,0.0,0.0,0.0,0.298,0.526,0.175,0.34,0.281,0.719,0.0,0.8295,0.0,0.0,0.0,0.0,0.169,0.756,0.075,0.9983,0.146,0.659,0.195,-0.8097,0.0,0.0,0.0,0.0,0.0,0.0,0.0,0.0,0.0,0.0,0.0,0.0
Episode 12,The Fight,Gene Stupnitsky and Lee Eisenberg, Ken Kwapis      ,8.1,4168,0.103,0.757,0.14,-0.951,0.179,0.746,0.074,0.9906,0.094,0.906,0.0,0.951,0.0,1.0,0.0,0.0,0.0,0.738,0.262,-0.6818,0.257,0.743,0.0,0.5423,0.0,0.0,0.0,0.0,0.0,0.0,0.0,0.0,0.0,0.0,0.0,0.0,0.109,0.761,0.131,-0.3527,0.578,0.422,0.0,0.8622,0.0,0.0,0.0,0.0,0.172,0.735,0.093,0.9979,0.0,0.0,0.0,0.0,0.111,0.889,0.0,0.3612,0.0,0.0,0.0,0.0,0.0,0.0,0.0,0.0
Episode 13,The Client,Paul Lieberstein, Greg Daniels      ,8.6,4365,0.135,0.8,0.065,0.914,0.121,0.833,0.046,0.9861,0.169,0.813,0.018,0.989,0.0,0.833,0.167,-0.1531,0.0,0.0,0.0,0.0,0.0,0.0,0.0,0.0,0.174,0.826,0.0,0.6369,0.109,0.891,0.0,0.5106,0.0,0.0,0.0,0.0,0.143,0.757,0.099,0.4329,0.0,1.0,0.0,0.0,0.0,0.0,0.0,0.0,0.139,0.806,0.056,0.9975,0.0,0.0,0.0,0.0,0.474,0.526,0.0,0.2023,0.0,0.0,0.0,0.0,0.0,0.0,0.0,0.0
Episode 14,Performance Review,Larry Wilmore, Paul Feig      ,8.2,3969,0.181,0.757,0.061,0.9945,0.061,0.894,0.045,0.726,0.108,0.836,0.057,0.8574,0.0,1.0,0.0,0.0,0.234,0.703,0.063,0.8999,0.208,0.792,0.0,0.8126,0.0,1.0,0.0,0.0,0.0,0.732,0.268,-0.296,0.0,0.0,0.0,0.0,0.0,0.633,0.367,-0.4404,0.0,1.0,0.0,0.0,0.0,0.0,0.0,0.0,0.192,0.727,0.081,0.9995,0.0,1.0,0.0,0.0,0.0,1.0,0.0,0.0,0.0,0.0,0.0,0.0,0.0,0.0,0.0,0.0
Episode 15,E-Mail Surveillance,Jennifer Celotta, Paul Feig      ,8.4,4086,0.182,0.793,0.025,0.9901,0.173,0.807,0.02,0.9958,0.126,0.808,0.066,0.9319,0.201,0.799,0.0,0.8956,0.093,0.851,0.057,0.1007,0.13,0.87,0.0,0.2732,0.107,0.832,0.062,0.4389,0.059,0.941,0.0,0.3094,0.0,0.0,0.0,0.0,0.204,0.796,0.0,0.3736,0.124,0.806,0.07,0.25,0.0,0.0,0.0,0.0,0.166,0.772,0.062,0.9993,0.0,0.0,0.0,0.0,0.0,0.0,0.0,0.0,0.0,0.0,0.0,0.0,0.0,0.0,0.0,0.0
Episode 16,Christmas Party,Michael Schur, Charles McDougall      ,8.9,4531,0.119,0.844,0.037,0.9513,0.244,0.719,0.037,0.9974,0.109,0.799,0.092,-0.7057,0.107,0.842,0.051,0.4515,0.167,0.792,0.041,0.7691,0.205,0.795,0.0,0.6597,0.176,0.786,0.038,0.6966,0.088,0.872,0.04,0.5661,0.0,0.0,0.0,0.0,0.113,0.818,0.069,0.4329,0.199,0.716,0.085,0.5106,0.129,0.871,0.0,0.6361,0.226,0.702,0.072,0.9995,0.0,1.0,0.0,0.0,0.097,0.855,0.048,0.4019,0.222,0.778,0.0,0.8924,0.0,0.0,0.0,0.0
Episode 17,Booze Cruise,Greg Daniels, Ken Kwapis    ,8.6,4352,0.125,0.857,0.018,0.9619,0.173,0.801,0.026,0.9833,0.187,0.803,0.01,0.9636,0.0,0.0,0.0,0.0,0.0,1.0,0.0,0.0,0.0,0.896,0.104,-0.4211,0.0,0.783,0.217,-0.6641,0.0,1.0,0.0,0.0,0.0,0.0,0.0,0.0,0.091,0.909,0.0,0.2263,0.113,0.887,0.0,0.3736,0.0,1.0,0.0,0.0,0.211,0.739,0.05,0.9996,0.0,0.0,0.0,0.0,0.0,0.0,0.0,0.0,0.0,1.0,0.0,0.0,0.0,0.0,0.0,0.0
Episode 18,The Injury,Mindy Kaling, Bryan Gordon  ,9.1,5270,0.134,0.822,0.045,0.9658,0.105,0.815,0.08,0.8598,0.219,0.741,0.04,0.993,0.0,1.0,0.0,0.0,0.0,0.786,0.214,-0.7177,0.0,1.0,0.0,0.0,0.208,0.792,0.0,0.6369,0.0,1.0,0.0,0.0,0.0,0.0,0.0,0.0,0.098,0.902,0.0,0.7256,0.239,0.761,0.0,0.296,0.0,1.0,0.0,0.0,0.197,0.709,0.093,0.9994,0.0,1.0,0.0,0.0,0.129,0.871,0.0,0.6848,0.0,0.0,0.0,0.0,0.0,0.0,0.0,0.0
Episode 19,The Secret,Lee Eisenberg and Gene Stupnitsky, Dennie Gordon      ,8.3,3872,0.089,0.819,0.092,-0.6654,0.162,0.787,0.051,0.9911,0.171,0.775,0.054,0.9169,0.0,0.871,0.129,-0.6662,0.098,0.784,0.118,-0.128,0.0,1.0,0.0,0.0,0.0,0.0,0.0,0.0,0.133,0.788,0.079,0.2824,0.0,0.0,0.0,0.0,0.107,0.765,0.128,0.2773,0.186,0.727,0.087,0.6698,0.0,0.0,0.0,0.0,0.208,0.724,0.068,0.9994,0.0,1.0,0.0,0.0,0.261,0.739,0.0,0.6115,0.0,0.0,0.0,0.0,0.0,0.0,0.0,0.0
Episode 20,The Carpet,Paul Lieberstein," Victor Nelli, Jr.       ",7.8,3827,0.129,0.836,0.035,0.8377,0.136,0.833,0.031,0.9708,0.052,0.843,0.105,-0.9519,0.0,1.0,0.0,0.0,0.0,1.0,0.0,0.0,0.129,0.612,0.259,-0.6808,0.0,1.0,0.0,0.0,0.049,0.888,0.063,-0.1154,0.0,0.0,0.0,0.0,0.134,0.866,0.0,0.9013,0.226,0.702,0.071,0.9799,0.0,0.0,0.0,0.0,0.15,0.786,0.064,0.9978,0.049,0.871,0.08,-0.3527,0.0,1.0,0.0,0.0,0.234,0.766,0.0,0.4696,0.0,0.0,0.0,0.0
Episode 21,Boys and Girls,B.J. Novak, Dennie Gordon       ,8.1,3799,0.116,0.736,0.148,-0.4912,0.209,0.772,0.019,0.9513,0.246,0.74,0.014,0.9979,0.068,0.812,0.12,-0.34,0.12,0.832,0.048,0.5775,0.263,0.737,0.0,0.3612,0.195,0.771,0.034,0.8555,0.0,0.0,0.0,0.0,0.0,0.0,0.0,0.0,0.0,1.0,0.0,0.0,0.159,0.727,0.114,-0.2573,0.228,0.772,0.0,0.7506,0.212,0.736,0.052,0.9995,0.0,0.0,0.0,0.0,0.0,0.0,0.0,0.0,0.101,0.818,0.081,0.6188,0.0,0.0,0.0,0.0
Episode 22,Valentine's Day,Michael Schur, Greg Daniels      ,8.3,3818,0.243,0.737,0.02,0.994,0.254,0.69,0.055,0.9922,0.251,0.716,0.033,0.9884,0.0,1.0,0.0,0.0,0.35,0.65,0.0,0.8966,0.0,0.0,0.0,0.0,0.2,0.8,0.0,0.4588,0.415,0.585,0.0,0.7964,0.0,0.0,0.0,0.0,0.287,0.713,0.0,0.6408,0.221,0.717,0.062,0.981,0.577,0.423,0.0,0.9565,0.211,0.739,0.05,0.9995,0.0,0.0,0.0,0.0,0.0,0.0,0.0,0.0,0.0,0.0,0.0,0.0,0.0,0.0,0.0,0.0
Episode 23,Dwight's Speech,Paul Lieberstein, Charles McDougall  ,8.5,4039,0.142,0.778,0.08,0.9869,0.23,0.753,0.017,0.9975,0.18,0.749,0.071,0.9592,0.097,0.775,0.128,-0.2023,0.258,0.742,0.0,0.8271,0.18,0.82,0.0,0.644,0.13,0.87,0.0,0.2714,0.136,0.777,0.087,0.1531,0.0,0.0,0.0,0.0,0.144,0.856,0.0,0.8299,0.291,0.709,0.0,0.9392,0.0,0.0,0.0,0.0,0.173,0.776,0.051,0.9989,0.276,0.724,0.0,0.7901,0.0,1.0,0.0,0.0,0.0,0.0,0.0,0.0,0.0,0.0,0.0,0.0
Episode 24,Take Your Daughter to Work Day,Mindy Kaling, Victor Nelli Jr.  ,8.3,3936,0.125,0.789,0.086,0.8285,0.264,0.719,0.017,0.99,0.149,0.801,0.05,0.9444,0.172,0.828,0.0,0.8271,0.163,0.742,0.095,0.507,0.15,0.792,0.058,0.7922,0.0,0.0,0.0,0.0,0.0,1.0,0.0,0.0,0.0,0.0,0.0,0.0,0.16,0.783,0.057,0.6996,0.275,0.664,0.062,0.8883,0.139,0.709,0.152,0.1531,0.212,0.723,0.064,0.9995,0.0,1.0,0.0,0.0,0.091,0.909,0.0,0.5256,0.0,1.0,0.0,0.0,0.0,0.0,0.0,0.0
Episode 25,Michael's Birthday,Gene Stupnitsky and Lee Eisenberg, Ken Whittingham  ,8.1,3806,0.137,0.828,0.035,0.9814,0.181,0.796,0.023,0.97,0.207,0.734,0.059,0.977,0.233,0.719,0.048,0.9427,0.172,0.696,0.132,0.4871,0.27,0.73,0.0,0.6199,0.0,1.0,0.0,0.0,0.232,0.61,0.158,0.264,0.0,0.0,0.0,0.0,0.0,1.0,0.0,0.0,0.157,0.561,0.282,-0.8811,0.0,1.0,0.0,0.0,0.196,0.731,0.073,0.999,0.0,0.0,0.0,0.0,0.202,0.727,0.071,0.8561,0.0,0.0,0.0,0.0,0.0,0.0,0.0,0.0
Episode 26,Drug Testing,Jennifer Celotta, Greg Daniels  ,8.4,3883,0.152,0.749,0.1,0.9862,0.123,0.793,0.084,0.8148,0.175,0.734,0.092,0.8904,0.397,0.603,0.0,0.7845,0.067,0.933,0.0,0.0772,0.0,1.0,0.0,0.0,0.231,0.769,0.0,0.4019,0.362,0.591,0.046,0.932,0.0,0.0,0.0,0.0,0.161,0.808,0.031,0.6966,0.202,0.748,0.05,0.9451,0.0,0.0,0.0,0.0,0.161,0.756,0.083,0.994,0.0,1.0,0.0,0.0,0.064,0.844,0.092,-0.2732,0.0,0.0,0.0,0.0,0.0,0.0,0.0,0.0
Episode 27,Conflict Resolution,Greg Daniels, Charles McDougall  ,8.7,3979,0.12,0.832,0.048,0.9668,0.096,0.885,0.018,0.9318,0.2,0.701,0.099,0.9553,0.143,0.857,0.0,0.4889,0.22,0.767,0.013,0.9442,0.0,1.0,0.0,0.0,0.224,0.776,0.0,0.9186,0.053,0.699,0.247,-0.9791,0.0,0.0,0.0,0.0,0.122,0.878,0.0,0.3612,0.228,0.66,0.112,0.3182,0.0,0.0,0.0,0.0,0.115,0.801,0.084,0.9859,0.144,0.722,0.133,-0.1406,0.111,0.828,0.061,0.7878,0.0,0.0,0.0,0.0,0.0,0.0,0.0,0.0
Episode 28,Casino Night,Steve Carell, Ken Kwapis  ,9.4,5782,0.132,0.821,0.047,0.9754,0.182,0.739,0.078,0.9929,0.214,0.733,0.052,0.9949,0.18,0.82,0.0,0.9535,0.33,0.67,0.0,0.9226,0.0,1.0,0.0,0.0,0.268,0.732,0.0,0.8841,0.135,0.865,0.0,0.4215,0.0,0.0,0.0,0.0,0.0,1.0,0.0,0.0,0.118,0.882,0.0,0.34,0.792,0.208,0.0,0.5859,0.208,0.756,0.036,0.9995,0.227,0.662,0.11,0.886,0.154,0.807,0.039,0.799,0.109,0.891,0.0,0.787,0.0,0.0,0.0,0.0
Episode 29,Gay Witch Hunt,Greg Daniels, Ken Kwapis        ,9.0,5081,0.129,0.785,0.086,0.7891,0.144,0.793,0.064,0.9244,0.032,0.955,0.013,0.4102,0.506,0.494,0.0,0.6249,0.115,0.784,0.101,-0.2714,0.108,0.892,0.0,0.5267,0.0,1.0,0.0,0.0,0.136,0.788,0.077,0.8973,0.138,0.782,0.08,0.9065,0.045,0.955,0.0,0.296,0.197,0.599,0.205,-0.024,0.0,1.0,0.0,0.0,0.187,0.767,0.046,0.9994,0.123,0.819,0.058,0.4939,0.242,0.731,0.028,0.9623,0.0,0.0,0.0,0.0,0.0,0.0,0.0,0.0
Episode 30,The Convention,Gene Stupnitsky and Lee Eisenberg, Ken Whittingham      ,8.2,3724,0.131,0.824,0.045,0.9481,0.149,0.792,0.059,0.9754,0.203,0.757,0.04,0.985,0.153,0.847,0.0,0.4019,0.135,0.824,0.041,0.8238,0.0,1.0,0.0,0.0,0.215,0.785,0.0,0.4767,0.0,0.0,0.0,0.0,0.0,0.0,0.0,0.0,0.226,0.774,0.0,0.7845,0.259,0.725,0.017,0.971,0.294,0.706,0.0,0.3612,0.157,0.805,0.039,0.9989,0.0,0.872,0.128,-0.5859,0.0,1.0,0.0,0.0,0.0,0.0,0.0,0.0,0.0,0.0,0.0,0.0
Episode 31,The Coup,Paul Lieberstein, Greg Daniels      ,8.5,3901,0.157,0.759,0.084,0.9949,0.119,0.725,0.156,-0.8427,0.087,0.886,0.027,0.8429,0.271,0.602,0.127,0.7339,0.086,0.787,0.127,-0.5962,0.0,1.0,0.0,0.0,0.0,1.0,0.0,0.0,0.0,0.0,0.0,0.0,0.03,0.77,0.199,-0.9023,0.44,0.56,0.0,0.6705,0.12,0.848,0.032,0.7922,0.0,0.0,0.0,0.0,0.154,0.769,0.077,0.9945,0.106,0.894,0.0,0.5994,0.0,0.0,0.0,0.0,0.0,0.0,0.0,0.0,0.0,0.0,0.0,0.0
Episode 32,Grief Counseling,Jennifer Celotta, Roger Nygard  ,8.0,3734,0.138,0.749,0.113,0.5466,0.13,0.846,0.024,0.9555,0.214,0.661,0.124,0.9916,0.258,0.684,0.058,0.946,0.0,0.834,0.166,-0.68,0.074,0.821,0.106,-0.2052,0.181,0.625,0.194,-0.0516,0.0,0.0,0.0,0.0,0.041,0.827,0.132,-0.593,0.137,0.815,0.048,0.8561,0.0,0.895,0.105,-0.5255,0.0,1.0,0.0,0.0,0.123,0.741,0.136,-0.9908,0.0,0.863,0.137,-0.7219,0.106,0.771,0.123,-0.5514,0.0,0.0,0.0,0.0,0.0,0.0,0.0,0.0
Episode 33,Initiation,B.J. Novak, Randall Einhorn      ,8.1,3640,0.125,0.759,0.116,0.8293,0.186,0.705,0.11,0.985,0.107,0.857,0.036,0.9743,0.0,0.818,0.182,-0.5178,0.228,0.57,0.202,0.1511,0.111,0.889,0.0,0.8439,0.0,1.0,0.0,0.0,0.0,0.0,0.0,0.0,0.158,0.756,0.086,0.6738,0.143,0.818,0.039,0.9926,0.117,0.796,0.088,0.1179,0.0,0.0,0.0,0.0,0.137,0.83,0.033,0.9919,0.0,0.0,0.0,0.0,0.0,1.0,0.0,0.0,0.0,0.0,0.0,0.0,0.0,0.0,0.0,0.0
Episode 34,Diwali,Mindy Kaling, Miguel Arteta  ,7.9,3799,0.058,0.745,0.197,-0.9157,0.071,0.905,0.024,0.5495,0.129,0.758,0.112,0.3698,0.208,0.792,0.0,0.9581,0.109,0.847,0.044,0.5803,0.481,0.519,0.0,0.5719,0.317,0.683,0.0,0.8105,0.0,0.0,0.0,0.0,0.201,0.756,0.043,0.9809,0.14,0.838,0.022,0.782,0.165,0.762,0.073,0.9435,0.075,0.925,0.0,0.0772,0.253,0.685,0.063,0.9998,0.0,1.0,0.0,0.0,0.0,1.0,0.0,0.0,0.0,0.0,0.0,0.0,0.0,0.0,0.0,0.0
Episode 35,Branch Closing,Michael Schur, Tucker Gates      ,8.6,3734,0.115,0.817,0.068,0.8898,0.07,0.871,0.059,0.4477,0.117,0.798,0.085,0.7933,0.19,0.719,0.091,0.7907,0.093,0.842,0.065,-0.3883,0.243,0.757,0.0,0.7951,0.0,0.96,0.04,-0.2942,0.0,0.0,0.0,0.0,0.112,0.888,0.0,0.6628,0.223,0.763,0.014,0.9723,0.316,0.586,0.098,0.8854,0.0,0.0,0.0,0.0,0.124,0.768,0.109,-0.7774,0.0,0.0,0.0,0.0,0.0,1.0,0.0,0.0,0.107,0.842,0.051,0.3976,0.0,0.0,0.0,0.0
Episode 36,The Merger,Brent Forrester, Ken Whittingham      ,8.7,3895,0.156,0.755,0.089,0.9929,0.142,0.791,0.067,0.9879,0.137,0.837,0.026,0.9823,0.223,0.748,0.028,0.983,0.278,0.722,0.0,0.7717,0.0,0.874,0.126,-0.6808,0.067,0.933,0.0,0.5007,0.0,0.0,0.0,0.0,0.209,0.725,0.066,0.995,0.203,0.731,0.066,0.8764,0.223,0.777,0.0,0.9123,0.289,0.626,0.085,0.8929,0.169,0.744,0.087,0.9991,0.0,1.0,0.0,0.0,0.185,0.753,0.062,0.8873,0.0,0.0,0.0,0.0,0.0,0.0,0.0,0.0
Episode 37,The Convict,Ricky Gervais and Stephen Merchant, Jeffrey Blitz      ,8.3,3897,0.256,0.625,0.119,0.765,0.121,0.81,0.069,0.7584,0.239,0.637,0.123,0.9313,0.035,0.746,0.219,-0.9328,0.214,0.708,0.078,0.8738,0.0,1.0,0.0,0.0,0.0,1.0,0.0,0.0,0.0,0.0,0.0,0.0,0.144,0.795,0.061,0.9447,0.169,0.588,0.243,-0.25,0.0,0.0,0.0,0.0,0.455,0.545,0.0,0.3612,0.161,0.709,0.13,0.9801,0.302,0.698,0.0,0.7677,0.144,0.778,0.078,0.7236,0.0,0.0,0.0,0.0,0.0,0.0,0.0,0.0
Episode 38,A Benihana Christmas,Jennifer Celotta, Harold Ramis      ,8.8,4112,0.123,0.79,0.087,0.9619,0.212,0.712,0.075,0.996,0.223,0.762,0.015,0.9969,0.216,0.746,0.037,0.9661,0.178,0.736,0.086,0.9937,0.159,0.684,0.157,0.0258,0.222,0.72,0.058,0.9226,0.0,1.0,0.0,0.0,0.147,0.803,0.051,0.9821,0.193,0.726,0.081,0.9681,0.072,0.782,0.146,-0.9578,0.19,0.443,0.367,-0.4226,0.192,0.757,0.051,0.9996,0.282,0.613,0.105,0.9535,0.186,0.722,0.092,0.7389,0.0,1.0,0.0,0.0,0.0,0.0,0.0,0.0
Episode 39,Back from Vacation,Justin Spitzer, Julian Farino  ,8.6,3702,0.104,0.823,0.073,0.8933,0.151,0.792,0.057,0.9632,0.171,0.778,0.052,0.9898,0.167,0.724,0.109,0.6715,0.059,0.812,0.13,-0.5803,0.236,0.744,0.021,0.9474,0.269,0.731,0.0,0.957,0.0,0.0,0.0,0.0,0.175,0.771,0.053,0.894,0.0,1.0,0.0,0.0,0.0,1.0,0.0,0.0,0.139,0.806,0.056,0.4574,0.172,0.778,0.05,0.9996,0.18,0.743,0.077,0.4871,0.139,0.861,0.0,0.8481,0.259,0.741,0.0,0.9104,0.0,0.0,0.0,0.0
Episode 40,Traveling Salesmen,"Michael Schur, Lee Eisenberg, and Gene Stupnitsky", Greg Daniels  ,8.6,3749,0.222,0.666,0.112,0.9863,0.125,0.833,0.042,0.9754,0.21,0.79,0.0,0.9811,0.205,0.795,0.0,0.8767,0.272,0.69,0.038,0.9896,0.266,0.682,0.052,0.9547,0.256,0.725,0.019,0.9541,0.0,0.0,0.0,0.0,0.14,0.805,0.055,0.9899,0.177,0.731,0.092,0.6199,0.123,0.877,0.0,0.2732,0.0,0.0,0.0,0.0,0.1,0.817,0.083,-0.3179,0.0,0.0,0.0,0.0,0.0,0.0,0.0,0.0,0.0,0.0,0.0,0.0,0.0,0.0,0.0,0.0
Episode 41,The Return,"Michael Schur, Lee Eisenberg, and Gene Stupnitsky", Greg Daniels      ,8.8,3931,0.133,0.8,0.067,0.899,0.268,0.702,0.03,0.9809,0.198,0.663,0.139,0.4479,0.292,0.708,0.0,0.7536,0.298,0.631,0.071,0.9711,0.277,0.723,0.0,0.3182,0.102,0.898,0.0,0.3612,0.268,0.732,0.0,0.974,0.152,0.79,0.058,0.9939,0.0,1.0,0.0,0.0,0.0,0.0,0.0,0.0,0.0,1.0,0.0,0.0,0.212,0.741,0.047,0.9978,0.149,0.851,0.0,0.3527,0.0,0.0,0.0,0.0,0.0,0.0,0.0,0.0,0.0,0.0,0.0,0.0
Episode 42,Ben Franklin,Mindy Kaling, Randall Einhorn      ,8.1,3644,0.148,0.805,0.048,0.9385,0.18,0.82,0.0,0.9765,0.223,0.729,0.048,0.9903,0.128,0.811,0.061,0.25,0.0,1.0,0.0,0.0,0.0,1.0,0.0,0.0,0.0,0.0,0.0,0.0,0.0,0.0,0.0,0.0,0.0,0.0,0.0,0.0,0.0,1.0,0.0,0.0,0.159,0.841,0.0,0.5766,0.306,0.694,0.0,0.4753,0.201,0.737,0.061,0.9989,0.0,0.0,0.0,0.0,0.0,0.0,0.0,0.0,0.0,0.0,0.0,0.0,0.0,0.0,0.0,0.0
Episode 43,Phyllis' Wedding,Caroline Williams, Ken Whittingham  ,8.2,3675,0.104,0.776,0.12,0.372,0.105,0.846,0.048,0.8153,0.172,0.79,0.038,0.9216,0.094,0.86,0.046,0.5574,0.216,0.784,0.0,0.8398,0.265,0.735,0.0,0.2023,0.191,0.762,0.047,0.9286,0.0,0.0,0.0,0.0,0.0,0.0,0.0,0.0,0.0,0.0,0.0,0.0,0.085,0.712,0.203,-0.7143,0.0,1.0,0.0,0.0,0.21,0.733,0.057,0.9994,0.0,0.0,0.0,0.0,0.41,0.59,0.0,0.4184,0.0,0.0,0.0,0.0,0.0,0.0,0.0,0.0
Episode 44,Business School,Brent Forrester, Joss Whedon  ,8.9,4264,0.1,0.856,0.045,0.9093,0.112,0.852,0.036,0.9053,0.15,0.811,0.039,0.9476,0.204,0.7,0.096,0.5687,0.085,0.778,0.137,-0.3382,0.0,1.0,0.0,0.0,0.0,0.0,0.0,0.0,0.154,0.725,0.121,0.296,0.0,0.0,0.0,0.0,0.03,0.911,0.059,-0.5792,0.217,0.654,0.13,0.7425,0.14,0.86,0.0,0.8222,0.174,0.784,0.042,0.999,0.0,1.0,0.0,0.0,0.282,0.665,0.054,0.9245,0.0,0.0,0.0,0.0,0.0,0.0,0.0,0.0
Episode 45,Cocktails,Paul Leiberstein, J.J. Abrams      ,8.5,3652,0.265,0.691,0.044,0.9957,0.227,0.724,0.049,0.9857,0.139,0.811,0.05,0.9415,0.165,0.792,0.043,0.7476,0.0,0.62,0.38,-0.6715,0.0,0.868,0.132,-0.7142,0.0,0.0,0.0,0.0,0.0,1.0,0.0,0.0,0.0,0.0,0.0,0.0,0.06,0.86,0.08,-0.3485,0.087,0.707,0.206,-0.594,0.0,1.0,0.0,0.0,0.178,0.751,0.07,0.9969,0.0,0.849,0.151,-0.5255,0.0,0.805,0.195,-0.4404,0.0,0.0,0.0,0.0,0.0,0.0,0.0,0.0
Episode 46,The Negotiation,Michael Schur, Jeffrey Blitz  ,9.0,4158,0.25,0.633,0.116,0.9929,0.166,0.798,0.036,0.9898,0.062,0.783,0.155,-0.9152,0.0,0.884,0.116,-0.7602,0.12,0.88,0.0,0.7303,0.0,0.889,0.111,-0.504,0.0,1.0,0.0,0.0,0.043,0.906,0.051,-0.126,0.155,0.751,0.094,0.572,0.08,0.854,0.066,0.1431,0.172,0.728,0.1,0.8829,0.0,0.0,0.0,0.0,0.086,0.851,0.063,0.901,0.131,0.81,0.059,0.4404,0.124,0.773,0.103,0.6381,0.085,0.9,0.015,0.9784,0.0,0.0,0.0,0.0
Episode 47,Safety Training,B.J. Novak, Harold Ramis      ,8.8,3882,0.11,0.811,0.08,0.9295,0.095,0.742,0.163,-0.9695,0.168,0.776,0.056,0.8878,0.204,0.739,0.057,0.9711,0.0,0.745,0.255,-0.802,0.187,0.662,0.151,0.2593,0.0,1.0,0.0,0.0,0.0,1.0,0.0,0.0,0.19,0.704,0.106,0.9752,0.192,0.729,0.079,0.7982,0.261,0.739,0.0,0.9904,0.0,0.0,0.0,0.0,0.182,0.651,0.166,0.9509,0.0,1.0,0.0,0.0,0.136,0.853,0.012,0.8316,0.163,0.756,0.081,0.9868,0.0,0.0,0.0,0.0
Episode 48,Product Recall,Justin Spitzer & Brent Forrester, Randall Einhorn  ,8.7,3828,0.139,0.809,0.052,0.9905,0.116,0.861,0.023,0.9892,0.284,0.706,0.009,0.9869,0.119,0.801,0.08,0.6923,0.113,0.741,0.146,-0.9224,0.0,0.574,0.426,-0.6369,0.0,1.0,0.0,0.0,0.15,0.777,0.073,0.5661,0.186,0.769,0.044,0.9975,0.071,0.717,0.212,-0.8625,0.207,0.692,0.101,0.995,0.0,0.0,0.0,0.0,0.165,0.709,0.126,0.9931,0.084,0.847,0.069,-0.4106,0.0,0.0,0.0,0.0,0.0,0.0,0.0,0.0,0.0,0.0,0.0,0.0
Episode 49,Women's Appreciation,Gene Stupnitsky & Lee Eisenberg, Tucker Gates       ,8.8,3882,0.097,0.819,0.084,0.771,0.195,0.775,0.03,0.9897,0.192,0.741,0.066,0.9915,0.215,0.785,0.0,0.9331,0.026,0.834,0.14,-0.911,0.0,0.804,0.196,-0.296,0.152,0.82,0.028,0.8548,0.0,0.0,0.0,0.0,0.224,0.751,0.025,0.9942,0.162,0.838,0.0,0.743,0.159,0.801,0.04,0.7882,0.0,0.909,0.091,-0.3818,0.186,0.754,0.06,0.9996,0.181,0.777,0.042,0.8796,0.086,0.914,0.0,0.5775,0.0,0.0,0.0,0.0,0.0,0.0,0.0,0.0
Episode 50,Beach Games,: Jennifer Celotta and Greg Daniels, Harold Ramis      ,9.2,4488,0.164,0.757,0.079,0.9828,0.152,0.779,0.07,0.9563,0.126,0.799,0.075,0.9628,0.094,0.886,0.02,0.8105,0.052,0.761,0.187,-0.8896,0.167,0.819,0.014,0.9328,0.123,0.8,0.077,0.4754,0.051,0.949,0.0,0.4019,0.272,0.691,0.036,0.9964,0.108,0.803,0.088,0.25,0.154,0.846,0.0,0.7978,0.069,0.758,0.174,-0.8485,0.218,0.723,0.06,0.9999,0.0,1.0,0.0,0.0,0.063,0.778,0.159,-0.4515,0.0,0.0,0.0,0.0,0.0,0.0,0.0,0.0
Episode 51,The Job,Paul Lieberstein & Michael Schur, Ken Kwapis      ,9.3,4751,0.187,0.734,0.079,0.9983,0.133,0.821,0.046,0.991,0.171,0.809,0.02,0.9971,0.092,0.796,0.111,0.2698,0.102,0.733,0.166,-0.4039,0.042,0.958,0.0,0.0772,0.0,1.0,0.0,0.0,0.169,0.785,0.046,0.8569,0.172,0.761,0.066,0.9843,0.204,0.773,0.022,0.8625,0.139,0.754,0.107,0.506,0.169,0.729,0.102,0.546,0.126,0.843,0.031,0.9988,0.205,0.665,0.13,0.4404,0.0,0.0,0.0,0.0,0.0,0.0,0.0,0.0,0.0,0.0,0.0,0.0
Episode 52,Fun Run,Greg Daniels, Greg Daniels  ,8.8,4408,0.181,0.712,0.107,0.9883,0.153,0.776,0.071,0.9904,0.131,0.859,0.01,0.9961,0.163,0.777,0.059,0.9342,0.119,0.757,0.125,-0.5362,0.112,0.706,0.182,-0.6199,0.0,0.79,0.21,-0.8495,0.173,0.827,0.0,0.9219,0.118,0.821,0.061,0.7741,0.107,0.811,0.082,0.5792,0.215,0.785,0.0,0.7772,0.105,0.756,0.139,-0.3131,0.186,0.719,0.094,0.9997,0.208,0.792,0.0,0.9435,0.208,0.697,0.096,0.9194,0.545,0.455,0.0,0.8122,0.0,0.0,0.0,0.0
Episode 53,Dunder Mifflin Infinity,Michael Schur, Craig Zisk  ,8.3,3607,0.154,0.769,0.077,0.915,0.182,0.801,0.017,0.9841,0.132,0.822,0.046,0.9129,0.0,0.834,0.166,-0.4559,0.095,0.885,0.02,0.7932,0.0,1.0,0.0,0.0,0.098,0.887,0.015,0.8052,0.452,0.548,0.0,0.5095,0.138,0.796,0.066,0.5621,0.15,0.812,0.038,0.9908,0.287,0.713,0.0,0.9841,0.0,0.0,0.0,0.0,0.199,0.746,0.055,0.9992,0.12,0.783,0.098,0.2359,0.182,0.798,0.02,0.9443,0.0,0.0,0.0,0.0,0.0,0.0,0.0,0.0
Episode 54,Launch Party,Jennifer Celotta, Ken Whittingham  ,8.4,3505,0.11,0.802,0.088,0.9162,0.137,0.793,0.07,0.9785,0.087,0.859,0.055,0.7989,0.12,0.776,0.104,-0.3668,0.16,0.766,0.074,0.9882,0.213,0.753,0.035,0.7303,0.056,0.809,0.135,-0.69,0.043,0.934,0.023,0.3939,0.187,0.743,0.07,0.9956,0.149,0.829,0.021,0.8934,0.102,0.898,0.0,0.8053,0.122,0.844,0.034,0.7389,0.184,0.756,0.06,0.9996,0.0,1.0,0.0,0.0,0.128,0.872,0.0,0.6124,0.134,0.796,0.07,0.6422,0.0,0.0,0.0,0.0
Episode 55,Money,Paul Lieberstein, Paul Lieberstein  ,8.7,3763,0.164,0.748,0.088,0.9897,0.12,0.804,0.076,0.9599,0.13,0.832,0.038,0.9779,0.145,0.775,0.08,0.743,0.111,0.843,0.046,0.4696,0.081,0.879,0.04,0.2869,0.107,0.728,0.165,-0.2942,0.151,0.78,0.069,0.9341,0.13,0.838,0.031,0.9593,0.136,0.829,0.035,0.9273,0.075,0.886,0.039,0.4479,0.0,1.0,0.0,0.0,0.183,0.737,0.08,0.9996,0.09,0.787,0.123,-0.2732,0.0,1.0,0.0,0.0,0.123,0.877,0.0,0.7587,0.0,0.0,0.0,0.0
Episode 56,Local Ad,B. J. Novak, Jason Reitman  ,8.8,3852,0.11,0.89,0.0,0.8767,0.173,0.794,0.034,0.9921,0.147,0.787,0.066,0.8677,0.333,0.667,0.0,0.8588,0.0,0.585,0.415,-0.7964,0.0,1.0,0.0,0.0,0.14,0.822,0.038,0.6996,0.0,1.0,0.0,0.0,0.124,0.823,0.053,0.9716,0.22,0.78,0.0,0.9292,0.0,0.0,0.0,0.0,0.103,0.769,0.128,-0.1511,0.213,0.701,0.086,0.9995,0.0,0.676,0.324,-0.34,0.082,0.918,0.0,0.4939,0.13,0.69,0.18,-0.6229,0.0,0.0,0.0,0.0
Episode 57,Branch Wars,Mindy Kaling, Joss Whedon  ,8.5,3572,0.086,0.803,0.112,-0.6159,0.096,0.842,0.062,0.8215,0.198,0.751,0.051,0.9929,0.0,0.251,0.749,-0.717,0.142,0.633,0.224,-0.4767,0.057,0.907,0.036,0.3527,0.426,0.574,0.0,0.6369,0.216,0.784,0.0,0.965,0.211,0.768,0.021,0.9929,0.0,0.0,0.0,0.0,0.0,0.0,0.0,0.0,0.144,0.856,0.0,0.4019,0.168,0.731,0.101,0.9973,0.0,0.0,0.0,0.0,0.162,0.748,0.09,0.6278,0.0,0.0,0.0,0.0,0.0,0.0,0.0,0.0
Episode 58,Survivor Man,Steve Carell, Paul Feig  ,8.2,3438,0.151,0.78,0.069,0.9851,0.199,0.758,0.044,0.997,0.087,0.9,0.013,0.8733,0.156,0.797,0.047,0.5106,0.076,0.864,0.061,-0.1606,0.0,1.0,0.0,0.0,0.0,1.0,0.0,0.0,0.191,0.809,0.0,0.8908,0.233,0.713,0.054,0.8192,0.0,0.0,0.0,0.0,0.0,1.0,0.0,0.0,0.136,0.757,0.107,0.2625,0.158,0.776,0.066,0.9985,0.15,0.77,0.08,0.3382,0.116,0.82,0.065,0.5017,0.0,0.0,0.0,0.0,0.0,0.0,0.0,0.0
Episode 59,Dinner Party,Lee Eisenberg and Gene Stupnitsky, Paul Feig  ,9.5,6975,0.138,0.785,0.078,0.8677,0.121,0.81,0.069,0.9552,0.167,0.772,0.061,0.9744,0.0,0.0,0.0,0.0,0.054,0.847,0.099,-0.6046,0.0,0.444,0.556,-0.3612,0.0,1.0,0.0,0.0,0.0,0.0,0.0,0.0,0.027,0.904,0.069,-0.6517,0.0,0.0,0.0,0.0,0.0,0.0,0.0,0.0,0.0,0.0,0.0,0.0,0.167,0.765,0.068,0.9987,0.0,0.0,0.0,0.0,0.0,0.0,0.0,0.0,0.0,0.0,0.0,0.0,0.0,0.0,0.0,0.0
Episode 60,Chair Model,B.J. Novak, Jeffrey Blitz  ,8.0,3384,0.089,0.772,0.14,-0.9378,0.068,0.801,0.132,-0.9308,0.189,0.778,0.033,0.9946,0.152,0.769,0.079,0.9151,0.0,1.0,0.0,0.0,0.0,0.709,0.291,-0.5719,0.207,0.732,0.061,0.8839,0.0,1.0,0.0,0.0,0.092,0.857,0.051,0.7845,0.0,0.0,0.0,0.0,0.198,0.763,0.039,0.8687,0.0,0.0,0.0,0.0,0.194,0.735,0.071,0.9995,0.0,1.0,0.0,0.0,0.07,0.779,0.152,-0.4512,0.0,0.0,0.0,0.0,0.0,0.0,0.0,0.0
Episode 61,Night Out,Mindy Kaling, Ken Whittingham  ,8.6,3517,0.109,0.835,0.056,0.949,0.234,0.738,0.028,0.9983,0.132,0.723,0.146,-0.7229,0.0,1.0,0.0,0.0,0.0,1.0,0.0,0.0,0.25,0.693,0.057,0.9254,0.092,0.769,0.138,-0.2263,0.231,0.701,0.068,0.8108,0.21,0.767,0.023,0.8949,0.159,0.767,0.074,0.9918,0.057,0.758,0.185,-0.8574,0.0,1.0,0.0,0.0,0.184,0.753,0.063,0.9991,0.172,0.828,0.0,0.3612,0.074,0.895,0.031,0.4588,0.0,0.0,0.0,0.0,0.0,0.0,0.0,0.0
Episode 62,Did I Stutter?,Brent Forrester and Justin Spitzer, Randall Einhorn  ,8.3,3378,0.096,0.786,0.118,-0.9297,0.185,0.777,0.038,0.9849,0.122,0.814,0.065,0.8642,0.074,0.791,0.135,-0.6248,0.0,0.879,0.121,-0.296,0.154,0.743,0.103,0.9548,0.105,0.82,0.075,0.0772,0.0,1.0,0.0,0.0,0.134,0.819,0.047,0.8847,0.218,0.708,0.074,0.9839,0.23,0.721,0.049,0.8946,0.0,1.0,0.0,0.0,0.152,0.786,0.062,0.9984,0.25,0.682,0.068,0.7351,0.069,0.851,0.079,-0.264,0.142,0.81,0.047,0.8481,0.0,0.0,0.0,0.0
Episode 63,Job Fair,Lee Eisenberg and Gene Stupnitsky, Tucker Gates  ,7.8,3229,0.086,0.843,0.071,-0.3645,0.147,0.797,0.056,0.981,0.162,0.816,0.023,0.9868,0.1,0.883,0.017,0.8667,0.385,0.615,0.0,0.3612,0.0,0.0,0.0,0.0,0.0,1.0,0.0,0.0,0.197,0.803,0.0,0.4019,0.061,0.858,0.08,-0.5941,0.0,0.0,0.0,0.0,0.246,0.754,0.0,0.5983,0.0,1.0,0.0,0.0,0.189,0.761,0.05,0.9992,0.06,0.812,0.128,-0.549,0.0,0.0,0.0,0.0,0.075,0.812,0.113,-0.3094,0.0,0.0,0.0,0.0
Episode 64,"Goodbye, Toby",Paul Lieberstein, Paul Feig  ,9.4,4822,0.125,0.831,0.044,0.9835,0.196,0.768,0.036,0.9991,0.176,0.787,0.037,0.9924,0.193,0.807,0.0,0.9699,0.233,0.686,0.081,0.968,0.091,0.808,0.101,-0.168,0.165,0.772,0.063,0.9783,0.143,0.708,0.15,-0.3736,0.246,0.729,0.025,0.9929,0.123,0.792,0.085,0.3164,0.098,0.737,0.165,-0.7508,0.123,0.702,0.175,-0.5457,0.158,0.792,0.05,0.9995,0.1,0.857,0.043,0.7962,0.139,0.812,0.048,0.9915,0.173,0.394,0.432,-0.508,0.0,0.0,0.0,0.0
Episode 65,Weight Loss,Lee Eisenberg and Gene Stupnitsky, TBA  ,8.8,3982,0.146,0.814,0.041,0.9934,0.177,0.749,0.074,0.997,0.151,0.813,0.036,0.9794,0.277,0.662,0.061,0.9008,0.121,0.774,0.105,-0.4986,0.094,0.763,0.143,-0.3619,0.154,0.76,0.086,0.8472,0.117,0.856,0.028,0.8789,0.138,0.802,0.06,0.9888,0.106,0.853,0.041,0.8749,0.109,0.787,0.103,0.4675,0.147,0.821,0.033,0.6322,0.179,0.734,0.087,0.9993,0.0,0.61,0.39,-0.7506,0.059,0.854,0.087,-0.3527,0.14,0.737,0.123,0.6229,0.0,0.0,0.0,0.0
Episode 66,Business Ethics,Ryan Koh, Jeffrey Blitz  ,8.2,3256,0.051,0.805,0.144,-0.8787,0.093,0.854,0.054,0.8385,0.11,0.705,0.185,-0.5638,0.074,0.832,0.095,0.3907,0.344,0.656,0.0,0.8126,0.0,0.885,0.115,-0.296,0.157,0.843,0.0,0.9349,0.211,0.789,0.0,0.9599,0.161,0.717,0.122,0.537,0.114,0.833,0.053,0.8902,0.102,0.898,0.0,0.4329,0.105,0.779,0.116,-0.5667,0.201,0.742,0.057,0.9989,0.178,0.822,0.0,0.6369,0.0,0.0,0.0,0.0,0.0,0.0,0.0,0.0,0.0,0.0,0.0,0.0
Episode 67,Baby Shower,Aaron Shure, Greg Daniels  ,8.0,3223,0.115,0.786,0.099,0.774,0.169,0.795,0.036,0.9812,0.057,0.855,0.088,-0.7136,0.035,0.857,0.108,-0.7005,0.178,0.822,0.0,0.9748,0.051,0.854,0.095,-0.2869,0.141,0.859,0.0,0.7096,0.201,0.756,0.042,0.7399,0.156,0.809,0.036,0.8791,0.0,0.0,0.0,0.0,0.0,0.763,0.237,-0.4767,0.0,1.0,0.0,0.0,0.147,0.778,0.075,0.9966,0.333,0.667,0.0,0.3612,0.0,0.8,0.2,-0.25,0.064,0.753,0.183,-0.8156,0.0,0.0,0.0,0.0
Episode 68,Crime Aid,Charlie Grandy, Jennifer Celotta  ,8.1,3105,0.156,0.775,0.07,0.961,0.242,0.718,0.04,0.9873,0.083,0.917,0.0,0.25,0.163,0.837,0.0,0.5106,0.145,0.668,0.187,-0.1295,0.178,0.822,0.0,0.0772,0.127,0.84,0.032,0.9255,0.304,0.696,0.0,0.89,0.123,0.862,0.015,0.8538,0.0,0.0,0.0,0.0,0.0,0.0,0.0,0.0,0.0,0.0,0.0,0.0,0.158,0.796,0.047,0.9987,0.0,0.785,0.215,-0.6369,0.0,0.0,0.0,0.0,0.143,0.823,0.033,0.7672,0.0,0.0,0.0,0.0
Episode 69,Employee Transfer,Anthony Q. Farrell, David Rogers  ,8.0,3204,0.144,0.813,0.043,0.9804,0.2,0.773,0.026,0.989,0.109,0.858,0.033,0.952,0.219,0.781,0.0,0.5399,0.219,0.753,0.028,0.7964,0.0,1.0,0.0,0.0,0.077,0.923,0.0,0.3612,0.0,0.968,0.032,-0.2406,0.178,0.749,0.073,0.9957,0.379,0.621,0.0,0.891,0.225,0.687,0.088,0.8903,0.162,0.838,0.0,0.4754,0.169,0.814,0.017,0.9989,0.149,0.851,0.0,0.4199,0.0,0.0,0.0,0.0,0.141,0.824,0.035,0.991,0.0,0.0,0.0,0.0
Episode 70,Customer Survey,Lester Lewis, Stephen Merchant  ,8.5,3355,0.192,0.724,0.084,0.9985,0.123,0.808,0.069,0.9872,0.129,0.865,0.005,0.9806,0.318,0.682,0.0,0.6369,0.089,0.911,0.0,0.3182,0.3,0.7,0.0,0.8065,0.268,0.732,0.0,0.8713,0.0,0.0,0.0,0.0,0.224,0.743,0.033,0.9972,0.234,0.735,0.031,0.9549,0.077,0.827,0.095,-0.7682,0.0,0.692,0.308,-0.5514,0.104,0.842,0.054,0.9706,0.0,0.0,0.0,0.0,0.0,0.0,0.0,0.0,0.13,0.87,0.0,0.4019,0.0,0.0,0.0,0.0
Episode 71,Business Trip,Brent Forrester, Randall Einhorn  ,8.2,3108,0.132,0.848,0.019,0.8677,0.145,0.805,0.05,0.8884,0.082,0.81,0.108,-0.553,0.274,0.726,0.0,0.5267,0.0,0.784,0.216,-0.7229,0.253,0.361,0.386,-0.0258,0.0,0.732,0.268,-0.296,0.118,0.843,0.038,0.9278,0.166,0.765,0.07,0.9898,0.168,0.832,0.0,0.9514,0.115,0.753,0.132,-0.6423,0.0,0.82,0.18,-0.5106,0.185,0.75,0.066,0.9979,0.0,1.0,0.0,0.0,0.0,0.0,0.0,0.0,0.0,0.0,0.0,0.0,0.0,0.0,0.0,0.0
Episode 72,Frame Toby,Mindy Kaling, Jason Reitman  ,8.6,3468,0.11,0.811,0.079,0.9513,0.164,0.763,0.073,0.9927,0.204,0.689,0.107,0.9591,0.0,1.0,0.0,0.0,0.157,0.843,0.0,0.4871,0.0,0.0,0.0,0.0,0.0,1.0,0.0,0.0,0.158,0.628,0.213,-0.4391,0.054,0.808,0.139,-0.6164,0.216,0.741,0.042,0.9893,0.168,0.726,0.106,0.4894,0.338,0.505,0.157,0.5574,0.123,0.786,0.091,0.9517,0.189,0.709,0.102,0.4939,0.15,0.806,0.044,0.9557,0.0,0.0,0.0,0.0,0.0,0.0,0.0,0.0
Episode 73,The Surplus,Lee Eisenberg and Gene Stupnitsky, Paul Feig  ,8.8,3450,0.086,0.888,0.026,0.9604,0.181,0.759,0.06,0.9614,0.172,0.768,0.059,0.9924,0.132,0.868,0.0,0.4404,0.157,0.79,0.053,0.9236,0.0,1.0,0.0,0.0,0.0,1.0,0.0,0.0,0.147,0.835,0.017,0.986,0.082,0.862,0.055,0.6517,0.0,0.0,0.0,0.0,0.0,1.0,0.0,0.0,0.474,0.526,0.0,0.6597,0.171,0.778,0.051,0.9982,0.0,1.0,0.0,0.0,0.0,1.0,0.0,0.0,0.0,0.0,0.0,0.0,0.0,0.0,0.0,0.0
Episode 74,Moroccan Christmas,Justin Spitzer, Paul Feig  ,8.4,3228,0.136,0.739,0.125,-0.6301,0.224,0.755,0.021,0.979,0.093,0.83,0.076,0.128,0.13,0.703,0.167,-0.1027,0.072,0.836,0.092,-0.4137,0.0,1.0,0.0,0.0,0.111,0.837,0.053,0.912,0.0,1.0,0.0,0.0,0.128,0.822,0.05,0.9403,0.0,0.0,0.0,0.0,0.487,0.348,0.165,0.5719,0.18,0.698,0.121,0.9274,0.149,0.779,0.072,0.9931,0.0,1.0,0.0,0.0,0.187,0.77,0.043,0.9763,0.157,0.676,0.168,-0.1027,0.0,0.0,0.0,0.0
Episode 75,The Duel,Jennifer Celotta, Dean Holland  ,8.7,3369,0.148,0.761,0.09,0.9842,0.044,0.855,0.101,-0.9258,0.139,0.791,0.07,0.7088,0.073,0.804,0.123,-0.5337,0.093,0.739,0.168,-0.9462,0.0,1.0,0.0,0.0,0.214,0.786,0.0,0.6239,0.054,0.829,0.117,-0.5204,0.162,0.748,0.09,0.9861,0.0,0.0,0.0,0.0,0.0,1.0,0.0,0.0,0.0,0.781,0.219,-0.8687,0.116,0.856,0.028,0.9906,0.0,1.0,0.0,0.0,0.0,0.0,0.0,0.0,0.0,0.0,0.0,0.0,0.0,0.0,0.0,0.0
Episode 76,Prince Family Paper,B.J. Novak, Asaad Kelada  ,8.0,3235,0.079,0.814,0.107,-0.9581,0.123,0.84,0.036,0.943,0.086,0.914,0.0,0.4082,0.116,0.753,0.13,0.1913,0.109,0.82,0.071,0.2263,0.252,0.726,0.022,0.9704,0.0,1.0,0.0,0.0,0.168,0.832,0.0,0.7964,0.123,0.817,0.06,0.4329,0.0,0.0,0.0,0.0,0.136,0.864,0.0,0.5255,0.352,0.648,0.0,0.5859,0.133,0.819,0.047,0.9919,0.0,1.0,0.0,0.0,0.0,0.0,0.0,0.0,0.0,0.0,0.0,0.0,0.0,0.0,0.0,0.0
Episode 77,Stress Relief,Paul Lieberstein, Jeffrey Blitz  ,9.7,10162,0.109,0.773,0.118,-0.892,0.125,0.804,0.071,0.9281,0.17,0.782,0.047,0.9939,0.028,0.846,0.126,-0.6705,0.209,0.748,0.044,0.9479,0.188,0.701,0.111,0.9359,0.264,0.659,0.077,0.804,0.229,0.672,0.099,0.8797,0.063,0.768,0.169,-0.993,0.0,0.0,0.0,0.0,0.095,0.905,0.0,0.6114,0.0,0.853,0.147,-0.6124,0.23,0.673,0.097,0.9998,0.0,1.0,0.0,0.0,0.0,0.0,0.0,0.0,0.073,0.927,0.0,0.4871,0.0,0.0,0.0,0.0
Episode 78,Lecture Circuit: Part 1,Mindy Kaling, Ken Kwapis  ,8.2,3078,0.142,0.759,0.1,0.8482,0.136,0.816,0.048,0.9568,0.172,0.67,0.158,0.713,0.0,0.0,0.0,0.0,0.0,0.0,0.0,0.0,0.254,0.668,0.077,0.9124,0.0,1.0,0.0,0.0,0.0,1.0,0.0,0.0,0.234,0.684,0.082,0.9979,0.0,0.0,0.0,0.0,0.161,0.711,0.129,0.6339,0.0,0.0,0.0,0.0,0.134,0.801,0.064,0.9969,0.095,0.804,0.101,0.0,0.0,0.0,0.0,0.0,0.0,0.0,0.0,0.0,0.0,0.0,0.0,0.0
Episode 79,Lecture Circuit: Part 2,Mindy Kaling, Ken Kwapis  ,8.2,3033,0.147,0.806,0.046,0.983,0.137,0.785,0.078,0.958,0.1,0.82,0.081,0.8453,0.037,0.854,0.109,-0.6173,0.09,0.803,0.107,-0.7561,0.0,0.833,0.167,-0.3412,0.0,1.0,0.0,0.0,0.226,0.774,0.0,0.9161,0.0,0.0,0.0,0.0,0.0,0.0,0.0,0.0,0.12,0.811,0.069,0.8513,0.216,0.784,0.0,0.8194,0.16,0.8,0.041,0.9969,0.0,1.0,0.0,0.0,0.0,0.0,0.0,0.0,0.0,0.0,0.0,0.0,0.0,0.0,0.0,0.0
Episode 80,Blood Drive,Brent Forrester, Randall Einhorn  ,8.0,3053,0.192,0.745,0.064,0.9878,0.195,0.77,0.035,0.9803,0.145,0.83,0.025,0.9717,0.144,0.742,0.114,0.6716,0.119,0.737,0.144,-0.3182,0.132,0.868,0.0,0.4215,0.184,0.724,0.092,0.7003,0.016,0.916,0.068,-0.7143,0.0,0.0,0.0,0.0,0.0,0.0,0.0,0.0,0.295,0.705,0.0,0.9628,0.149,0.663,0.188,-0.1779,0.207,0.73,0.063,0.9993,0.0,0.0,0.0,0.0,0.0,0.0,0.0,0.0,0.0,0.0,0.0,0.0,0.0,0.0,0.0,0.0
Episode 81,Golden Ticket,Mindy Kaling, Randall Einhorn  ,8.7,3315,0.161,0.811,0.028,0.9953,0.092,0.835,0.073,0.5104,0.135,0.795,0.071,0.9373,0.276,0.7,0.024,0.9761,0.0,0.0,0.0,0.0,0.0,1.0,0.0,0.0,0.0,0.0,0.0,0.0,0.0,1.0,0.0,0.0,0.226,0.686,0.087,0.9658,0.0,0.0,0.0,0.0,0.0,0.0,0.0,0.0,0.0,0.0,0.0,0.0,0.129,0.82,0.052,0.9965,0.0,1.0,0.0,0.0,0.0,0.0,0.0,0.0,0.0,1.0,0.0,0.0,0.0,0.0,0.0,0.0
Episode 82,Two Weeks,Aaron Shure, Paul Lieberstein  ,8.4,3089,0.183,0.698,0.119,0.746,0.104,0.888,0.008,0.916,0.13,0.849,0.021,0.9819,0.147,0.808,0.045,0.7784,0.194,0.725,0.081,0.847,0.083,0.799,0.118,-0.2824,0.145,0.674,0.181,-0.1779,0.172,0.808,0.02,0.9632,0.096,0.87,0.034,0.686,0.0,0.0,0.0,0.0,0.258,0.722,0.021,0.9153,0.0,1.0,0.0,0.0,0.143,0.827,0.03,0.9979,0.0,1.0,0.0,0.0,0.225,0.775,0.0,0.7882,0.0,0.0,0.0,0.0,0.0,0.0,0.0,0.0
Episode 83,Dream Team,B.J. Novak, Paul Feig  ,8.3,3074,0.171,0.829,0.0,0.9396,0.119,0.853,0.028,0.9499,0.111,0.835,0.054,0.9809,0.193,0.807,0.0,0.9227,0.205,0.559,0.236,-0.126,0.0,0.856,0.144,-0.4019,0.0,0.872,0.128,-0.296,0.0,1.0,0.0,0.0,0.077,0.761,0.162,-0.9089,0.093,0.907,0.0,0.7149,0.0,1.0,0.0,0.0,0.0,0.0,0.0,0.0,0.164,0.799,0.037,0.9991,0.0,1.0,0.0,0.0,0.0,0.0,0.0,0.0,0.0,0.0,0.0,0.0,0.0,0.0,0.0,0.0
Episode 84,Michael Scott Paper Company,Justin Spitzer, Gene Stupnitsky  ,8.7,3387,0.086,0.775,0.139,-0.958,0.111,0.848,0.041,0.9297,0.211,0.764,0.025,0.9968,0.106,0.894,0.0,0.0772,0.0,0.0,0.0,0.0,0.0,1.0,0.0,0.0,0.452,0.548,0.0,0.5095,0.152,0.848,0.0,0.3612,0.241,0.681,0.078,0.9627,0.161,0.744,0.095,0.9406,0.184,0.67,0.146,-0.577,0.0,1.0,0.0,0.0,0.22,0.738,0.042,0.999,0.071,0.761,0.168,-0.4215,0.186,0.695,0.119,0.7149,0.0,0.0,0.0,0.0,0.218,0.763,0.019,0.9264
Episode 85,Heavy Competition,Ryan Koh, Ken Whittingham  ,8.7,3184,0.148,0.76,0.092,0.9909,0.126,0.789,0.085,0.8495,0.127,0.832,0.041,0.8198,0.367,0.633,0.0,0.4404,0.0,0.0,0.0,0.0,0.0,1.0,0.0,0.0,0.0,0.838,0.162,-0.4767,0.0,0.0,0.0,0.0,0.215,0.696,0.09,0.9902,0.063,0.771,0.165,-0.5719,0.0,1.0,0.0,0.0,0.0,0.0,0.0,0.0,0.158,0.779,0.063,0.9976,0.0,0.0,0.0,0.0,0.0,0.0,0.0,0.0,0.0,0.0,0.0,0.0,0.0,0.0,0.0,0.0
Episode 86,Broke,Charlie Grandy, Steve Carell  ,9.3,4261,0.095,0.82,0.086,-0.537,0.174,0.803,0.023,0.9874,0.078,0.861,0.06,0.6998,0.0,1.0,0.0,0.0,0.176,0.727,0.097,0.0772,0.0,1.0,0.0,0.0,0.0,0.874,0.126,-0.3182,0.0,0.0,0.0,0.0,0.161,0.789,0.05,0.3612,0.138,0.844,0.018,0.9493,0.0,1.0,0.0,0.0,0.0,0.0,0.0,0.0,0.146,0.78,0.075,0.9915,0.0,0.0,0.0,0.0,0.0,0.0,0.0,0.0,0.0,0.0,0.0,0.0,0.0,1.0,0.0,0.0
Episode 87,Casual Friday,Anthony Q. Farrell, Brent Forrester  ,8.3,3051,0.098,0.839,0.063,0.918,0.161,0.783,0.057,0.956,0.152,0.779,0.068,0.8823,0.108,0.852,0.04,0.7351,0.065,0.838,0.097,-0.4404,0.213,0.787,0.0,0.8541,0.228,0.677,0.095,0.9313,0.0,0.864,0.136,-0.3182,0.071,0.874,0.055,0.2732,0.084,0.888,0.027,0.8091,0.135,0.865,0.0,0.3612,0.172,0.786,0.043,0.8541,0.169,0.763,0.068,0.9983,0.151,0.776,0.073,0.6072,0.099,0.886,0.015,0.8898,0.0,1.0,0.0,0.0,0.359,0.641,0.0,0.9069
Episode 88,Cafe Disco,Warren Lieberstein & Halsted Sullivan, Randall Einhorn  ,8.8,3544,0.145,0.791,0.064,0.9881,0.115,0.847,0.038,0.7429,0.102,0.853,0.044,0.7716,0.233,0.74,0.027,0.963,0.132,0.744,0.124,-0.3296,0.185,0.815,0.0,0.3612,0.074,0.828,0.098,-0.6402,0.072,0.811,0.117,-0.3485,0.229,0.65,0.122,0.8889,0.0,1.0,0.0,0.0,0.146,0.77,0.084,0.723,0.26,0.417,0.323,-0.1531,0.164,0.776,0.06,0.9984,0.0,0.876,0.124,-0.4019,0.0,0.0,0.0,0.0,0.0,0.0,0.0,0.0,0.181,0.752,0.067,0.9221
Episode 89,Company Picnic,Ken Kwapis, Jennifer Celotta & Paul Lieberstein  ,9.0,3660,0.136,0.784,0.08,0.9736,0.14,0.822,0.038,0.9753,0.142,0.799,0.059,0.925,0.122,0.878,0.0,0.4184,0.0,1.0,0.0,0.0,0.412,0.588,0.0,0.7906,0.0,1.0,0.0,0.0,0.0,0.741,0.259,-0.5423,0.054,0.776,0.17,-0.8329,0.0,0.0,0.0,0.0,0.0,0.0,0.0,0.0,0.393,0.607,0.0,0.6351,0.129,0.833,0.038,0.9925,0.0,0.0,0.0,0.0,0.242,0.758,0.0,0.4927,0.0,0.0,0.0,0.0,0.169,0.831,0.0,0.6229
Episode 90,Gossip,Paul Lieberstein, Paul Lieberstein  ,8.8,3578,0.208,0.771,0.021,0.9898,0.165,0.773,0.062,0.9797,0.115,0.885,0.0,0.9534,0.071,0.929,0.0,0.6227,0.044,0.614,0.342,-0.8668,0.023,0.858,0.12,-0.8699,0.0,0.939,0.061,-0.4926,0.173,0.777,0.05,0.9282,0.15,0.791,0.059,0.9863,0.0,1.0,0.0,0.0,0.189,0.715,0.096,0.549,0.0,0.798,0.202,-0.6199,0.128,0.809,0.063,0.9961,0.0,1.0,0.0,0.0,0.0,1.0,0.0,0.0,0.0,0.0,0.0,0.0,0.226,0.698,0.075,0.7501
Episode 91,The Meeting,Aaron Shure, Randall Einhorn  ,8.1,2923,0.063,0.846,0.091,-0.819,0.197,0.746,0.057,0.9599,0.092,0.887,0.021,0.8687,0.0,1.0,0.0,0.0,0.0,1.0,0.0,0.0,0.0,1.0,0.0,0.0,0.0,1.0,0.0,0.0,0.307,0.693,0.0,0.8426,0.225,0.739,0.037,0.9895,0.113,0.795,0.092,0.128,0.23,0.589,0.181,0.4878,0.0,1.0,0.0,0.0,0.157,0.78,0.063,0.9975,0.318,0.682,0.0,0.7184,0.143,0.779,0.078,0.895,0.056,0.847,0.097,-0.8148,0.0,1.0,0.0,0.0
Episode 92,The Promotion,Jennifer Celotta, Jennifer Celotta  ,8.0,2914,0.089,0.803,0.108,-0.8579,0.125,0.807,0.068,0.9914,0.109,0.843,0.048,0.8495,0.216,0.784,0.0,0.9609,0.233,0.767,0.0,0.9284,0.0,0.833,0.167,-0.5574,0.222,0.721,0.056,0.9511,0.161,0.774,0.065,0.9029,0.166,0.755,0.079,0.4199,0.071,0.881,0.049,0.3049,0.143,0.602,0.255,-0.9228,0.099,0.658,0.243,-0.9123,0.146,0.79,0.064,0.9957,0.0,1.0,0.0,0.0,0.0,0.0,0.0,0.0,0.0,0.0,0.0,0.0,0.0,1.0,0.0,0.0
Episode 93,Niagara: Part 1,Greg Daniels & Mindy Kaling, Paul Feig  ,9.4,5526,0.14,0.79,0.07,0.9933,0.159,0.795,0.046,0.9965,0.112,0.855,0.034,0.9858,0.18,0.794,0.026,0.9913,0.271,0.729,0.0,0.9671,0.03,0.855,0.115,-0.5661,0.306,0.694,0.0,0.8658,0.171,0.692,0.137,-0.2406,0.156,0.732,0.112,0.926,0.0,1.0,0.0,0.0,0.122,0.878,0.0,0.4199,0.044,0.826,0.13,-0.6966,0.137,0.819,0.044,0.9983,0.0,0.0,0.0,0.0,0.1,0.9,0.0,0.2732,0.0,0.0,0.0,0.0,0.158,0.641,0.201,-0.4846
Episode 94,Mafia,Brent Forrester, David Rogers  ,7.6,3078,0.18,0.66,0.16,0.7989,0.117,0.883,0.0,0.7616,0.106,0.8,0.094,-0.2244,0.218,0.726,0.056,0.9751,0.0,0.0,0.0,0.0,0.0,0.0,0.0,0.0,0.0,1.0,0.0,0.0,0.053,0.87,0.077,-0.4682,0.113,0.812,0.075,0.9628,0.0,1.0,0.0,0.0,0.0,0.0,0.0,0.0,0.111,0.737,0.152,-0.2003,0.155,0.705,0.141,0.8107,0.0,1.0,0.0,0.0,0.369,0.631,0.0,0.765,0.0,0.0,0.0,0.0,0.24,0.76,0.0,0.8924
Episode 95,The Lover,Lee Eisenberg & Gene Stupnitsky, Lee Eisenberg  ,8.6,3230,0.133,0.804,0.064,0.9698,0.16,0.823,0.017,0.993,0.158,0.729,0.114,0.9739,0.142,0.858,0.0,0.5638,0.148,0.808,0.044,0.4767,0.0,0.385,0.615,-0.4215,0.424,0.576,0.0,0.7096,0.0,1.0,0.0,0.0,0.2,0.744,0.055,0.8105,0.0,1.0,0.0,0.0,0.129,0.791,0.08,0.5362,0.0,1.0,0.0,0.0,0.161,0.764,0.075,0.9954,0.0,0.556,0.444,-0.34,0.16,0.811,0.028,0.9454,0.0,0.0,0.0,0.0,0.081,0.902,0.017,0.6973
Episode 96,Koi Pond,Warren Lieberstein & Halsted Sullivan, Reggie Hudlin  ,8.2,2930,0.127,0.537,0.337,-0.9901,0.119,0.815,0.066,0.9661,0.196,0.708,0.096,0.9685,0.228,0.656,0.116,0.7339,0.103,0.715,0.182,-0.5466,0.0,0.848,0.152,-0.3612,0.17,0.755,0.075,0.7757,0.034,0.903,0.062,-0.3736,0.195,0.773,0.032,0.9973,0.0,1.0,0.0,0.0,0.0,1.0,0.0,0.0,0.063,0.937,0.0,0.3046,0.143,0.755,0.102,0.9888,0.067,0.933,0.0,0.2387,0.0,0.0,0.0,0.0,0.055,0.752,0.194,-0.9239,0.1,0.827,0.073,0.4501
Episode 97,Double Date,Charlie Grandy, Seth Gordon  ,8.1,2886,0.138,0.782,0.08,0.9544,0.182,0.743,0.074,0.9013,0.145,0.77,0.085,0.9736,0.137,0.863,0.0,0.4329,0.0,1.0,0.0,0.0,0.714,0.286,0.0,0.3612,0.265,0.513,0.222,0.1263,0.0,0.844,0.156,-0.4515,0.161,0.803,0.035,0.9745,0.138,0.815,0.047,0.6747,0.275,0.58,0.145,0.6705,0.126,0.728,0.146,-0.0772,0.197,0.72,0.083,0.9991,0.217,0.783,0.0,0.3612,0.128,0.84,0.032,0.7336,0.0,0.0,0.0,0.0,0.31,0.69,0.0,0.7964
Episode 98,Murder,Daniel Chun, Greg Daniels  ,8.7,3493,0.087,0.768,0.145,-0.9785,0.104,0.853,0.043,0.969,0.048,0.821,0.131,-0.8349,0.187,0.734,0.079,0.7778,0.139,0.753,0.109,0.4215,0.312,0.527,0.161,0.7059,0.124,0.876,0.0,0.6997,0.035,0.848,0.117,-0.8497,0.174,0.79,0.037,0.9754,0.0,1.0,0.0,0.0,0.0,1.0,0.0,0.0,0.144,0.608,0.249,-0.7003,0.155,0.739,0.105,0.9876,0.116,0.832,0.052,0.3885,0.0,0.0,0.0,0.0,0.0,0.0,0.0,0.0,0.097,0.903,0.0,0.8376
Episode 99,Shareholder Meeting,Justin Spitzer, Charles McDougall  ,8.2,2910,0.173,0.742,0.085,0.9267,0.162,0.784,0.054,0.9928,0.228,0.745,0.027,0.9336,0.072,0.789,0.138,-0.4588,0.0,0.0,0.0,0.0,0.0,0.769,0.231,-0.6705,0.217,0.659,0.124,0.5849,0.117,0.708,0.175,-0.8338,0.131,0.765,0.104,-0.5615,0.204,0.772,0.025,0.9723,0.0,0.0,0.0,0.0,0.248,0.495,0.257,-0.0258,0.157,0.792,0.052,0.9986,0.0,1.0,0.0,0.0,0.0,0.0,0.0,0.0,0.0,0.0,0.0,0.0,0.116,0.884,0.0,0.3612
Episode 100,Scott's Tots,Gene Stupnitsky & Lee Eisenberg, B. J. Novak  ,8.3,3357,0.168,0.774,0.059,0.9848,0.144,0.776,0.08,0.9268,0.097,0.747,0.156,-0.8091,0.0,0.874,0.126,-0.4646,0.119,0.881,0.0,0.5242,0.0,1.0,0.0,0.0,0.235,0.633,0.132,0.3777,0.552,0.448,0.0,0.4019,0.124,0.782,0.094,0.7599,0.25,0.75,0.0,0.7476,0.0,1.0,0.0,0.0,0.0,0.0,0.0,0.0,0.155,0.78,0.065,0.9967,0.0,1.0,0.0,0.0,0.0,0.0,0.0,0.0,0.0,0.0,0.0,0.0,0.105,0.861,0.034,0.8873
Episode 101,Secret Santa,Mindy Kaling, Randall Einhorn  ,8.5,3079,0.157,0.762,0.08,0.9779,0.102,0.858,0.039,0.8869,0.11,0.855,0.035,0.8859,0.127,0.845,0.028,0.8327,0.0,0.889,0.111,-0.3058,0.098,0.651,0.251,-0.5719,0.149,0.818,0.033,0.9797,0.0,0.951,0.049,-0.3851,0.069,0.832,0.099,-0.5937,0.0,0.811,0.189,-0.5986,0.225,0.775,0.0,0.5399,0.111,0.811,0.078,0.2406,0.159,0.748,0.092,0.9979,0.0,0.45,0.55,-0.9508,0.43,0.49,0.08,0.9269,0.0,0.0,0.0,0.0,0.15,0.721,0.129,-0.3296
Episode 102,The Banker,Jason Kessler, Jeffrey Blitz  ,6.8,3767,0.086,0.863,0.051,0.4007,0.0,0.0,0.0,0.0,0.057,0.89,0.053,0.0397,0.556,0.444,0.0,0.3612,0.688,0.312,0.0,0.765,0.0,0.0,0.0,0.0,0.0,0.0,0.0,0.0,0.0,0.0,0.0,0.0,0.272,0.728,0.0,0.6249,0.0,1.0,0.0,0.0,0.0,0.0,0.0,0.0,0.0,0.0,0.0,0.0,0.26,0.657,0.083,0.9991,0.0,0.0,0.0,0.0,0.205,0.795,0.0,0.971,0.0,0.0,0.0,0.0,0.0,0.0,0.0,0.0
Episode 103,Sabre,Jennifer Celotta, John Krasinski  ,7.6,2800,0.07,0.93,0.0,0.4199,0.141,0.832,0.027,0.9718,0.186,0.723,0.091,0.9461,0.0,1.0,0.0,0.0,0.339,0.661,0.0,0.6249,0.423,0.577,0.0,0.296,0.0,1.0,0.0,0.0,0.0,1.0,0.0,0.0,0.255,0.698,0.048,0.9568,0.0,0.0,0.0,0.0,0.0,0.0,0.0,0.0,0.0,0.672,0.328,-0.7088,0.186,0.778,0.036,0.9992,0.0,1.0,0.0,0.0,0.455,0.545,0.0,0.3612,0.0,0.0,0.0,0.0,0.107,0.893,0.0,0.7622
Episode 104,Manager and Salesman,Mindy Kaling, Marc Webb  ,8.1,2765,0.151,0.785,0.064,0.9887,0.165,0.808,0.026,0.9834,0.146,0.854,0.0,0.7574,0.0,1.0,0.0,0.0,0.0,0.445,0.555,-0.3595,0.0,0.0,0.0,0.0,0.228,0.772,0.0,0.6808,0.0,1.0,0.0,0.0,0.171,0.823,0.005,0.9881,0.182,0.684,0.133,0.8035,0.325,0.601,0.075,0.9906,0.043,0.726,0.231,-0.8217,0.172,0.753,0.075,0.9969,0.0,0.0,0.0,0.0,0.0,0.0,0.0,0.0,0.0,0.0,0.0,0.0,0.158,0.786,0.056,0.9678
Episode 105,The Delivery: Part 1,Daniel Chun & Charlie Grandy, Seth Gordon & Harold Ramis  ,8.4,2934,0.101,0.86,0.04,0.9795,0.161,0.777,0.062,0.9989,0.159,0.797,0.044,0.9982,0.154,0.804,0.042,0.968,0.253,0.747,0.0,0.9456,0.0,1.0,0.0,0.0,0.083,0.854,0.063,0.2003,0.257,0.743,0.0,0.8516,0.122,0.802,0.076,0.9592,0.174,0.561,0.265,-0.5023,0.065,0.935,0.0,0.2732,0.1,0.9,0.0,0.4199,0.193,0.751,0.056,0.9996,0.642,0.358,0.0,0.5562,0.0,1.0,0.0,0.0,0.0,0.0,0.0,0.0,0.216,0.721,0.062,0.9913
Episode 106,St. Patrick's Day,Jonathon Hughes, Randall Einhorn  ,7.7,2730,0.15,0.746,0.104,0.9743,0.177,0.73,0.093,0.9676,0.371,0.578,0.051,0.8555,0.0,1.0,0.0,0.0,0.228,0.644,0.128,0.7784,0.0,1.0,0.0,0.0,0.0,1.0,0.0,0.0,0.113,0.815,0.072,0.3129,0.203,0.773,0.025,0.9898,0.0,0.872,0.128,-0.264,0.517,0.483,0.0,0.8988,0.109,0.684,0.206,-0.6052,0.154,0.793,0.053,0.993,0.0,0.0,0.0,0.0,0.0,0.0,0.0,0.0,0.0,0.0,0.0,0.0,0.166,0.742,0.092,0.897
Episode 107,New Leads,Brent Forrester, Brent Forrester  ,7.7,2691,0.168,0.791,0.04,0.9927,0.148,0.776,0.076,0.9757,0.0,1.0,0.0,0.0,0.223,0.66,0.117,0.6486,0.027,0.973,0.0,0.1754,0.27,0.692,0.038,0.9567,0.11,0.765,0.125,-0.69,0.273,0.727,0.0,0.4588,0.259,0.712,0.029,0.9835,0.0,0.864,0.136,-0.296,0.2,0.655,0.145,0.4082,0.275,0.725,0.0,0.6486,0.175,0.727,0.098,0.9977,0.0,0.0,0.0,0.0,0.0,1.0,0.0,0.0,0.092,0.815,0.092,-0.0,0.28,0.6,0.12,0.875
Episode 108,Happy Hour,B. J. Novak, Matt Sohn  ,8.6,3114,0.187,0.738,0.075,0.9765,0.25,0.729,0.021,0.9933,0.246,0.747,0.007,0.9902,0.105,0.74,0.154,-0.471,0.125,0.847,0.028,0.8603,0.565,0.435,0.0,0.0772,0.231,0.769,0.0,0.9407,0.149,0.813,0.037,0.9193,0.192,0.766,0.042,0.9927,0.204,0.796,0.0,0.7717,0.0,1.0,0.0,0.0,0.0,1.0,0.0,0.0,0.18,0.789,0.03,0.9971,0.0,1.0,0.0,0.0,0.0,0.0,0.0,0.0,0.203,0.759,0.038,0.9731,0.249,0.722,0.029,0.9308
Episode 109,Secretary's Day,Mindy Kaling, Steve Carrell  ,7.8,2707,0.176,0.76,0.064,0.9332,0.06,0.834,0.105,-0.4742,0.207,0.711,0.081,0.9892,0.19,0.727,0.083,0.9707,0.257,0.622,0.12,0.6588,0.0,0.0,0.0,0.0,0.0,1.0,0.0,0.0,0.181,0.71,0.108,0.2869,0.188,0.764,0.049,0.9936,0.0,1.0,0.0,0.0,0.0,1.0,0.0,0.0,0.303,0.607,0.09,0.7783,0.154,0.82,0.026,0.994,0.0,0.0,0.0,0.0,0.077,0.883,0.04,0.3182,0.0,1.0,0.0,0.0,0.247,0.738,0.016,0.9986
Episode 110,Body Language,Justin Spitzer, Mindy Kaling  ,7.9,2725,0.133,0.835,0.032,0.993,0.211,0.757,0.032,0.9886,0.178,0.795,0.027,0.9781,0.138,0.841,0.021,0.7586,0.0,1.0,0.0,0.0,0.145,0.855,0.0,0.34,0.151,0.797,0.052,0.6124,0.05,0.863,0.086,-0.1961,0.101,0.843,0.055,0.3506,0.0,1.0,0.0,0.0,0.099,0.784,0.117,-0.8224,0.0,0.0,0.0,0.0,0.156,0.778,0.066,0.9974,0.0,1.0,0.0,0.0,0.0,0.0,0.0,0.0,0.06,0.94,0.0,0.3612,0.184,0.784,0.032,0.8968
Episode 111,The Cover-Up,Lee Eisenberg and Gene Stupinski, Rainn Wilson  ,8.1,2725,0.131,0.755,0.114,-0.5254,0.211,0.677,0.112,0.9367,0.133,0.811,0.056,0.9811,0.0,0.0,0.0,0.0,0.0,0.0,0.0,0.0,0.0,0.769,0.231,-0.5859,0.0,0.0,0.0,0.0,0.0,1.0,0.0,0.0,0.114,0.829,0.056,0.9119,0.0,0.951,0.049,-0.4106,0.145,0.779,0.075,0.7622,0.0,1.0,0.0,0.0,0.17,0.701,0.129,0.9866,0.067,0.933,0.0,0.3612,0.0,0.0,0.0,0.0,0.176,0.723,0.1,0.976,0.268,0.732,0.0,0.5106
Episode 112,The Chump,,,7.7,2641,0.135,0.832,0.033,0.9813,0.174,0.765,0.061,0.8765,0.166,0.796,0.038,0.9837,0.15,0.704,0.146,0.0258,0.095,0.878,0.028,0.6662,0.055,0.842,0.104,-0.2869,0.0,1.0,0.0,0.0,0.15,0.733,0.117,0.168,0.217,0.728,0.054,0.9972,0.115,0.868,0.017,0.8501,0.071,0.865,0.064,-0.1689,0.172,0.732,0.096,0.3408,0.182,0.732,0.086,0.9988,0.171,0.829,0.0,0.6996,0.14,0.86,0.0,0.6705,0.105,0.895,0.0,0.5499,0.189,0.811,0.0,0.9378
Episode 113,Whistleblower,Warren Lieberstein & Halsted Sullivan, Paul Lieberstein  ,8.0,2726,0.163,0.718,0.119,0.9101,0.174,0.727,0.099,0.7669,0.105,0.741,0.155,-0.876,0.05,0.841,0.109,-0.4122,0.177,0.739,0.084,0.4168,0.0,1.0,0.0,0.0,0.191,0.716,0.093,0.69,0.183,0.652,0.165,0.1027,0.132,0.717,0.151,-0.7872,0.087,0.913,0.0,0.5562,0.097,0.836,0.067,0.5695,0.0,0.0,0.0,0.0,0.139,0.777,0.084,0.991,0.212,0.788,0.0,0.6249,0.222,0.705,0.073,0.6705,0.047,0.784,0.169,-0.7003,0.195,0.805,0.0,0.5267
Episode 114,Nepotism,Daniel Chun, Jeffrey Blitz  ,8.4,3124,0.167,0.767,0.066,0.9696,0.124,0.822,0.053,0.9204,0.161,0.76,0.079,0.926,0.299,0.701,0.0,0.9314,0.136,0.767,0.097,-0.1007,0.158,0.605,0.237,-0.1779,0.065,0.815,0.12,-0.5806,0.208,0.754,0.038,0.8706,0.149,0.745,0.106,0.8158,0.0,1.0,0.0,0.0,0.195,0.656,0.149,0.9035,0.0,1.0,0.0,0.0,0.178,0.716,0.106,0.997,0.262,0.703,0.035,0.959,0.104,0.896,0.0,0.2732,0.049,0.772,0.18,-0.8924,0.277,0.704,0.019,0.9484
Episode 115,Counseling,B. J. Novak, Jeffrey Blitz  ,8.2,2825,0.21,0.746,0.044,0.9983,0.113,0.852,0.036,0.9359,0.144,0.777,0.079,0.9763,0.0,0.0,0.0,0.0,0.287,0.608,0.105,0.5106,0.115,0.63,0.255,-0.3939,0.213,0.787,0.0,0.6908,0.248,0.752,0.0,0.8357,0.205,0.722,0.073,0.9659,0.357,0.643,0.0,0.6124,0.246,0.708,0.046,0.8871,0.0,0.0,0.0,0.0,0.191,0.673,0.136,0.9884,0.0,1.0,0.0,0.0,0.163,0.793,0.044,0.9782,0.297,0.703,0.0,0.875,0.269,0.681,0.05,0.807
Episode 116,Andy's Play,Charlie Grandy, Paul Lieberstein  ,8.2,3015,0.142,0.773,0.085,0.8329,0.301,0.614,0.084,0.9783,0.229,0.743,0.028,0.9901,0.0,0.0,0.0,0.0,0.121,0.792,0.087,-0.3252,0.448,0.552,0.0,0.7269,0.436,0.564,0.0,0.9078,0.0,1.0,0.0,0.0,0.104,0.812,0.084,0.8438,0.0,0.0,0.0,0.0,0.0,1.0,0.0,0.0,0.0,1.0,0.0,0.0,0.167,0.755,0.078,0.9862,0.131,0.605,0.264,-0.743,0.0,0.0,0.0,0.0,0.095,0.905,0.0,0.7825,0.184,0.672,0.144,0.8296
Episode 117,Sex Ed,Paul Lieberstein, Paul Lieberstein  ,7.8,2754,0.074,0.871,0.056,0.6601,0.236,0.663,0.101,0.5349,0.131,0.622,0.248,-0.8243,0.183,0.708,0.108,0.5229,0.342,0.658,0.0,0.6369,0.0,1.0,0.0,0.0,0.333,0.667,0.0,0.938,0.134,0.81,0.056,0.5913,0.212,0.765,0.022,0.9972,0.0,1.0,0.0,0.0,0.073,0.79,0.137,-0.4682,0.041,0.959,0.0,0.2225,0.13,0.803,0.067,0.9921,0.479,0.521,0.0,0.5574,0.0,0.0,0.0,0.0,0.23,0.639,0.131,0.9178,0.236,0.764,0.0,0.5255
Episode 118,The Sting,Mindy Kaling, Greg Daniels  ,7.7,2692,0.101,0.837,0.061,0.9706,0.128,0.799,0.073,0.9606,0.096,0.865,0.039,0.7202,0.218,0.755,0.027,0.9217,0.268,0.732,0.0,0.296,0.232,0.768,0.0,0.7229,0.258,0.64,0.102,0.831,0.099,0.884,0.018,0.8138,0.16,0.793,0.048,0.9907,0.134,0.866,0.0,0.5719,0.0,0.887,0.113,-0.3149,0.154,0.805,0.042,0.9471,0.145,0.751,0.103,0.993,0.458,0.542,0.0,0.8155,0.0,0.0,0.0,0.0,0.16,0.761,0.079,0.9278,0.0,1.0,0.0,0.0
Episode 119,Costume Contest,Justin Spitzer, Dean Holland  ,8.2,2808,0.125,0.813,0.062,0.8902,0.132,0.821,0.047,0.9696,0.168,0.813,0.019,0.9906,0.103,0.832,0.065,0.5817,0.251,0.713,0.036,0.9602,0.139,0.861,0.0,0.768,0.189,0.811,0.0,0.4199,0.196,0.758,0.046,0.9527,0.106,0.847,0.048,0.9207,0.174,0.826,0.0,0.8718,0.156,0.844,0.0,0.7351,0.0,1.0,0.0,0.0,0.137,0.771,0.092,0.9857,0.177,0.772,0.051,0.7377,0.448,0.552,0.0,0.807,0.141,0.748,0.112,0.6759,0.17,0.781,0.049,0.8238
Episode 120,Christening,Peter Ocko, Alex Hardcastle  ,7.4,2811,0.182,0.716,0.102,0.9632,0.104,0.842,0.054,0.939,0.138,0.812,0.049,0.9818,0.081,0.763,0.156,-0.4857,0.222,0.778,0.0,0.9153,0.18,0.82,0.0,0.5574,0.16,0.84,0.0,0.6298,0.0,1.0,0.0,0.0,0.135,0.832,0.034,0.9694,0.219,0.781,0.0,0.8738,0.0,1.0,0.0,0.0,0.0,0.0,0.0,0.0,0.194,0.723,0.082,0.9979,0.0,0.0,0.0,0.0,0.062,0.938,0.0,0.25,0.397,0.603,0.0,0.7845,0.141,0.808,0.051,0.7213
Episode 121,Viewing Party,Jon Vitti, Ken Whittingham  ,7.8,2748,0.123,0.821,0.056,0.8843,0.224,0.7,0.076,0.9653,0.186,0.754,0.06,0.9863,0.259,0.684,0.057,0.9399,0.163,0.748,0.089,0.6312,0.0,1.0,0.0,0.0,0.209,0.791,0.0,0.9667,0.0,1.0,0.0,0.0,0.169,0.791,0.039,0.9763,0.166,0.753,0.081,0.7962,0.222,0.712,0.066,0.9795,0.0,0.0,0.0,0.0,0.145,0.797,0.058,0.9916,0.0,1.0,0.0,0.0,0.0,0.0,0.0,0.0,0.0,0.0,0.0,0.0,0.186,0.755,0.059,0.9901
Episode 122,WUPHF.com,Aaron Shure, Danny Leiner  ,7.7,2676,0.152,0.826,0.021,0.9939,0.154,0.829,0.018,0.9818,0.209,0.776,0.015,0.9921,0.273,0.727,0.0,0.9479,0.166,0.775,0.059,0.9178,0.156,0.748,0.097,-0.2003,0.0,0.606,0.394,-0.3818,0.139,0.798,0.063,0.4871,0.036,0.792,0.172,-0.8534,0.11,0.855,0.035,0.9891,0.082,0.918,0.0,0.7736,0.0,0.0,0.0,0.0,0.145,0.798,0.057,0.9933,0.246,0.754,0.0,0.8156,0.0,0.0,0.0,0.0,0.0,0.0,0.0,0.0,0.0,0.868,0.132,-0.5423
Episode 123,China,Halsted Sullivan & Warren Lieberstein, Charles McDougall  ,8.2,2827,0.152,0.742,0.106,0.9887,0.111,0.816,0.073,0.4633,0.088,0.85,0.061,0.8466,0.124,0.825,0.051,0.4574,0.0,1.0,0.0,0.0,0.0,0.85,0.15,-0.7691,0.302,0.542,0.155,0.6199,0.138,0.779,0.082,0.8984,0.182,0.766,0.052,0.9525,0.0,0.917,0.083,-0.5484,0.201,0.724,0.074,0.7617,0.0,0.45,0.55,-0.7269,0.16,0.776,0.065,0.9959,0.0,1.0,0.0,0.0,0.0,0.0,0.0,0.0,0.046,0.864,0.09,-0.644,0.13,0.787,0.082,0.466
Episode 124,Classy Christmas,Mindy Kaling, Rainn Wilson  ,9.0,3597,0.161,0.797,0.042,0.9891,0.152,0.775,0.073,0.9699,0.205,0.737,0.058,0.9989,0.138,0.842,0.02,0.9484,0.159,0.803,0.039,0.9593,0.098,0.902,0.0,0.6868,0.212,0.754,0.034,0.9211,0.28,0.72,0.0,0.9704,0.193,0.772,0.035,0.9908,0.238,0.762,0.0,0.9784,0.221,0.737,0.042,0.98,0.203,0.715,0.082,0.8286,0.203,0.722,0.075,0.9997,0.137,0.863,0.0,0.4329,0.058,0.881,0.061,0.1288,0.147,0.824,0.028,0.9846,0.217,0.749,0.034,0.9753
Episode 125,Ultimatum,Carrie Kemper, David Rogers  ,8.3,2854,0.156,0.796,0.048,0.9834,0.055,0.848,0.097,-0.1759,0.128,0.865,0.007,0.9783,0.163,0.725,0.111,0.8173,0.285,0.715,0.0,0.4926,0.0,0.0,0.0,0.0,0.128,0.872,0.0,0.8609,0.0,0.8,0.2,-0.6124,0.199,0.77,0.03,0.9869,0.156,0.726,0.118,0.2023,0.074,0.778,0.148,-0.7452,0.344,0.656,0.0,0.2732,0.172,0.768,0.06,0.998,0.266,0.702,0.032,0.9751,0.0,0.0,0.0,0.0,0.107,0.876,0.017,0.9456,0.181,0.769,0.05,0.9328
Episode 126,The Seminar,Steve Hely, B. J. Novak  ,7.6,2708,0.148,0.832,0.02,0.9377,0.101,0.771,0.128,-0.4454,0.089,0.898,0.013,0.755,0.267,0.716,0.017,0.9838,0.0,0.0,0.0,0.0,0.0,1.0,0.0,0.0,0.0,1.0,0.0,0.0,0.231,0.679,0.09,0.9536,0.237,0.699,0.065,0.9993,0.273,0.727,0.0,0.8402,0.108,0.813,0.078,0.5764,0.0,0.0,0.0,0.0,0.141,0.807,0.052,0.9905,0.185,0.815,0.0,0.8871,0.0,0.0,0.0,0.0,0.074,0.926,0.0,0.1511,0.127,0.844,0.028,0.9466
Episode 127,The Search,Brent Forrester, Michael Spiller  ,8.5,3001,0.089,0.85,0.061,0.8323,0.156,0.802,0.041,0.983,0.158,0.811,0.031,0.9816,0.197,0.803,0.0,0.658,0.308,0.533,0.16,0.3612,0.0,1.0,0.0,0.0,0.173,0.827,0.0,0.8295,0.144,0.839,0.017,0.8295,0.232,0.739,0.029,0.8416,0.113,0.852,0.035,0.508,0.209,0.703,0.088,0.8949,0.463,0.537,0.0,0.7835,0.169,0.748,0.083,0.9947,0.0,0.0,0.0,0.0,0.0,0.0,0.0,0.0,0.102,0.752,0.146,-0.5803,0.217,0.768,0.014,0.9789
Episode 128,PDA,Robert Padnick, Greg Daniels  ,8.4,2928,0.128,0.809,0.062,0.8862,0.118,0.82,0.062,0.798,0.186,0.769,0.045,0.9775,0.179,0.702,0.119,0.5919,0.124,0.719,0.157,0.3621,0.333,0.667,0.0,0.128,0.299,0.701,0.0,0.7964,0.229,0.679,0.093,0.8867,0.151,0.837,0.012,0.9762,0.133,0.842,0.025,0.7882,0.0,1.0,0.0,0.0,0.0,1.0,0.0,0.0,0.244,0.674,0.082,0.9992,0.0,1.0,0.0,0.0,0.0,0.0,0.0,0.0,0.27,0.686,0.044,0.9823,0.187,0.773,0.039,0.9873
Episode 129,Threat Level Midnight,B. J. Novak, Tucker Gates  ,9.4,6181,0.068,0.807,0.125,-0.5962,0.29,0.602,0.109,0.9496,0.407,0.593,0.0,0.9889,0.389,0.611,0.0,0.7901,0.0,0.0,0.0,0.0,0.0,0.0,0.0,0.0,0.0,0.0,0.0,0.0,0.0,0.0,0.0,0.0,0.0,0.737,0.263,-0.717,0.482,0.518,0.0,0.4199,0.677,0.323,0.0,0.7424,0.0,0.0,0.0,0.0,0.251,0.653,0.096,0.9983,0.592,0.408,0.0,0.4404,0.0,0.0,0.0,0.0,0.0,0.0,0.0,0.0,0.0,1.0,0.0,0.0
Episode 130,Todd Packer,Amelie Gillette, Randall Einhorn  ,7.4,2675,0.184,0.762,0.055,0.9963,0.113,0.823,0.064,0.9385,0.166,0.774,0.059,0.9784,0.186,0.728,0.086,0.9218,0.0,0.59,0.41,-0.4184,0.3,0.473,0.227,0.197,0.157,0.843,0.0,0.0772,0.0,0.893,0.107,-0.4767,0.154,0.746,0.1,0.943,0.0,1.0,0.0,0.0,0.164,0.694,0.142,0.2023,0.236,0.764,0.0,0.8513,0.215,0.73,0.055,0.9978,0.0,0.0,0.0,0.0,0.0,0.0,0.0,0.0,0.0,0.0,0.0,0.0,0.088,0.877,0.035,0.7585
Episode 131,Garage Sale,Jon Vitti, Steve Carell  ,9.4,4761,0.124,0.844,0.032,0.9668,0.123,0.798,0.08,0.8289,0.198,0.752,0.05,0.9909,0.109,0.742,0.148,-0.4905,0.0,1.0,0.0,0.0,0.0,1.0,0.0,0.0,0.258,0.693,0.049,0.8799,0.0,0.833,0.167,-0.8496,0.155,0.799,0.045,0.8577,0.304,0.681,0.015,0.9905,0.081,0.78,0.138,-0.1926,0.0,1.0,0.0,0.0,0.2,0.745,0.054,0.9986,0.0,0.0,0.0,0.0,0.0,0.0,0.0,0.0,0.22,0.78,0.0,0.8994,0.0,0.0,0.0,0.0
Episode 132,Training Day,Daniel Chun, Paul Lieberstein  ,7.7,2762,0.131,0.807,0.062,0.6786,0.076,0.817,0.108,-0.3867,0.061,0.939,0.0,0.4545,0.154,0.765,0.081,0.5216,0.189,0.771,0.04,0.8016,0.129,0.483,0.388,-0.7536,0.31,0.69,0.0,0.5423,0.075,0.824,0.101,-0.1967,0.17,0.784,0.046,0.9382,0.324,0.676,0.0,0.34,0.229,0.771,0.0,0.8685,0.0,1.0,0.0,0.0,0.147,0.804,0.049,0.994,0.0,0.0,0.0,0.0,0.0,0.0,0.0,0.0,0.372,0.568,0.061,0.9788,0.108,0.825,0.067,0.6036
Episode 133,Michael's Last Dundies,Mindy Kaling, Mindy Kaling  ,9.0,3883,0.236,0.666,0.098,0.9624,0.27,0.722,0.007,0.9926,0.185,0.773,0.042,0.9598,0.179,0.706,0.115,-0.4986,0.299,0.701,0.0,0.4574,0.0,0.818,0.182,-0.4374,0.257,0.743,0.0,0.6696,0.217,0.783,0.0,0.7263,0.229,0.771,0.0,0.9013,0.272,0.728,0.0,0.9635,0.0,0.0,0.0,0.0,0.087,0.78,0.133,-0.453,0.213,0.735,0.052,0.9994,0.0,1.0,0.0,0.0,0.18,0.605,0.215,-0.4742,0.0,0.748,0.252,-0.4019,0.143,0.817,0.041,0.9584
Episode 134,"Goodbye, Michael",Greg Daniels, Paul Feig  ,9.8,10284,0.205,0.746,0.049,0.9921,0.121,0.879,0.0,0.9631,0.209,0.756,0.035,0.9713,0.201,0.75,0.049,0.8257,0.117,0.883,0.0,0.8238,0.353,0.647,0.0,0.8697,0.133,0.851,0.017,0.9354,0.148,0.81,0.042,0.546,0.084,0.799,0.117,-0.8275,0.388,0.612,0.0,0.5859,0.239,0.65,0.11,0.6776,0.064,0.936,0.0,0.6331,0.217,0.732,0.051,0.9997,0.0,0.78,0.22,-0.308,0.129,0.761,0.11,-0.0258,0.197,0.803,0.0,0.7269,0.159,0.841,0.0,0.8904
Episode 135,The Inner Circle,Charlie Grandy, Matt Sohn  ,7.6,2738,0.234,0.658,0.108,0.9689,0.155,0.784,0.061,0.9782,0.186,0.781,0.034,0.9878,0.132,0.761,0.106,-0.4709,0.035,0.886,0.079,-0.4784,0.0,0.0,0.0,0.0,0.13,0.87,0.0,0.2023,0.439,0.444,0.117,0.6994,0.1,0.884,0.016,0.9157,0.142,0.793,0.065,0.9538,0.158,0.788,0.054,0.9539,0.0,0.0,0.0,0.0,0.0,0.0,0.0,0.0,0.0,0.0,0.0,0.0,0.744,0.256,0.0,0.4404,0.164,0.726,0.11,0.6916,0.0,1.0,0.0,0.0
Episode 136,"Dwight K. Schrute, (Acting) Manager",Justin Spitzer, Troy Miller  ,8.7,3038,0.14,0.778,0.083,0.9872,0.123,0.791,0.085,0.9199,0.025,0.711,0.264,-0.9498,0.048,0.875,0.077,-0.4632,0.033,0.967,0.0,0.2225,0.0,1.0,0.0,0.0,0.202,0.798,0.0,0.5106,0.099,0.901,0.0,0.3899,0.196,0.731,0.073,0.9793,0.302,0.698,0.0,0.3818,0.088,0.859,0.053,0.2593,0.097,0.667,0.236,-0.4019,0.0,0.0,0.0,0.0,0.0,1.0,0.0,0.0,0.131,0.675,0.194,-0.8025,0.176,0.654,0.17,0.0516,0.245,0.755,0.0,0.9548
Episode 137,Search Committee,Paul Lieberstein, Jeffrey Blitz  ,8.7,3217,0.208,0.719,0.073,0.9968,0.167,0.772,0.061,0.9982,0.128,0.855,0.017,0.962,0.12,0.867,0.014,0.9206,0.146,0.804,0.049,0.9506,0.119,0.73,0.151,-0.4457,0.163,0.801,0.036,0.9714,0.212,0.759,0.029,0.9812,0.164,0.765,0.071,0.9884,0.167,0.826,0.007,0.9665,0.155,0.758,0.087,0.9609,0.252,0.596,0.153,0.5399,0.0,0.0,0.0,0.0,0.252,0.716,0.032,0.9957,0.064,0.827,0.109,-0.4696,0.207,0.76,0.033,0.9929,0.159,0.76,0.081,0.9338
Episode 138,The List,B.J. Novak, B.J. Novak  ,8.1,2903,0.173,0.785,0.042,0.9936,0.145,0.772,0.083,0.9805,0.144,0.747,0.109,0.5866,0.063,0.593,0.345,-0.9756,0.175,0.825,0.0,0.8504,0.085,0.876,0.04,0.4314,0.176,0.824,0.0,0.7901,0.131,0.727,0.142,-0.1531,0.18,0.764,0.056,0.9976,0.119,0.881,0.0,0.9153,0.273,0.68,0.047,0.9177,0.041,0.691,0.267,-0.8687,0.0,0.0,0.0,0.0,0.144,0.69,0.167,-0.1027,0.066,0.766,0.168,-0.7386,0.144,0.856,0.0,0.6369,0.217,0.783,0.0,0.9548
Episode 139,The Incentive,Paul Lieberstein, Charles McDougall  ,8.1,2738,0.182,0.801,0.017,0.9849,0.215,0.758,0.026,0.9979,0.267,0.69,0.042,0.9912,0.151,0.763,0.086,0.9146,0.155,0.77,0.075,0.8184,0.104,0.861,0.035,0.4003,0.125,0.73,0.145,-0.4871,0.0,0.877,0.123,-0.4696,0.146,0.812,0.042,0.9981,0.3,0.661,0.039,0.8653,0.088,0.877,0.035,0.4574,0.189,0.811,0.0,0.504,0.0,0.0,0.0,0.0,0.0,0.0,0.0,0.0,0.0,1.0,0.0,0.0,0.03,0.936,0.034,-0.1179,0.188,0.812,0.0,0.9714
Episode 140,Lotto,Charlie Grandy, John Krasinski  ,7.2,2615,0.103,0.845,0.052,0.9461,0.162,0.746,0.092,0.988,0.199,0.779,0.023,0.9865,0.146,0.823,0.031,0.9604,0.0,0.86,0.14,-0.1531,0.0,0.0,0.0,0.0,0.026,0.735,0.239,-0.9253,0.076,0.802,0.123,-0.9215,0.152,0.777,0.072,0.9978,0.155,0.803,0.041,0.8645,0.069,0.824,0.107,-0.6158,0.0,0.715,0.285,-0.7772,0.0,0.0,0.0,0.0,0.0,1.0,0.0,0.0,0.058,0.87,0.072,-0.1779,0.14,0.812,0.048,0.9928,0.199,0.65,0.151,0.6947
Episode 141,Garden Party,Justin Spitzer, David Rogers  ,8.1,2858,0.207,0.738,0.055,0.9936,0.113,0.851,0.036,0.9549,0.216,0.784,0.0,0.9754,0.187,0.813,0.0,0.7461,0.139,0.8,0.061,0.9168,0.371,0.629,0.0,0.6705,0.39,0.61,0.0,0.7691,0.043,0.919,0.038,0.0772,0.271,0.701,0.028,0.9996,0.081,0.811,0.108,-0.254,0.0,1.0,0.0,0.0,0.209,0.635,0.156,0.5469,0.0,0.0,0.0,0.0,0.0,0.0,0.0,0.0,0.09,0.869,0.041,0.3804,0.125,0.81,0.065,0.763,0.0,1.0,0.0,0.0
Episode 142,Spooked,Carrie Kemper, Randall Einhorn  ,7.5,2560,0.106,0.769,0.125,-0.4829,0.188,0.747,0.065,0.9925,0.082,0.857,0.061,0.643,0.084,0.77,0.146,-0.695,0.0,0.887,0.113,-0.7399,0.205,0.671,0.124,0.2593,0.0,0.881,0.119,-0.6199,0.152,0.748,0.1,0.5158,0.123,0.811,0.065,0.9605,0.23,0.77,0.0,0.3382,0.124,0.737,0.139,-0.498,0.099,0.792,0.108,0.4299,0.0,0.0,0.0,0.0,0.199,0.707,0.094,0.3674,0.091,0.829,0.08,0.4386,0.178,0.822,0.0,0.7777,0.197,0.712,0.09,0.9913
Episode 143,Doomsday,Daniel Chun, Troy Miller  ,7.6,2464,0.153,0.752,0.095,0.987,0.123,0.785,0.091,0.8975,0.205,0.763,0.032,0.9857,0.193,0.807,0.0,0.8535,0.17,0.83,0.0,0.8763,0.124,0.78,0.096,0.4724,0.375,0.625,0.0,0.6369,0.105,0.819,0.075,0.5707,0.169,0.76,0.071,0.9883,0.104,0.896,0.0,0.4199,0.0,0.808,0.192,-0.7696,0.0,0.0,0.0,0.0,0.0,0.0,0.0,0.0,0.0,0.0,0.0,0.0,0.151,0.792,0.057,0.644,0.075,0.901,0.024,0.686,0.146,0.795,0.058,0.5792
Episode 144,Pam's Replacement,Allison Silverman, Matt Sohn  ,7.7,2619,0.102,0.792,0.106,-0.6284,0.181,0.761,0.059,0.9788,0.222,0.7,0.078,0.9982,0.115,0.847,0.038,0.7527,0.0,0.0,0.0,0.0,0.0,0.0,0.0,0.0,0.651,0.349,0.0,0.6808,0.337,0.525,0.138,0.5505,0.189,0.775,0.036,0.9928,0.272,0.728,0.0,0.9437,0.24,0.743,0.018,0.9673,0.0,0.0,0.0,0.0,0.0,0.0,0.0,0.0,0.0,1.0,0.0,0.0,0.261,0.739,0.0,0.9074,0.182,0.702,0.116,0.8755,0.065,0.788,0.147,-0.8053
Episode 145,Gettysburg,Robert Padnick, Jeffrey Blitz  ,6.8,2659,0.108,0.717,0.175,-0.9768,0.118,0.815,0.067,0.8854,0.119,0.829,0.052,0.8758,0.208,0.712,0.08,0.9866,0.16,0.84,0.0,0.2263,0.166,0.813,0.02,0.7941,0.149,0.851,0.0,0.9089,0.254,0.689,0.057,0.9695,0.148,0.762,0.09,0.995,0.107,0.823,0.07,0.8758,0.264,0.551,0.185,-0.1511,0.0,0.469,0.531,-0.5267,0.0,0.0,0.0,0.0,0.0,0.0,0.0,0.0,0.0,0.0,0.0,0.0,0.062,0.751,0.187,-0.906,0.178,0.771,0.051,0.8617
Episode 146,Mrs. California,Dan Greaney, Charlie Grundy  ,7.6,2589,0.143,0.802,0.056,0.9926,0.219,0.73,0.05,0.9977,0.0,0.0,0.0,0.0,0.22,0.78,0.0,0.8934,0.0,0.575,0.425,-0.5719,0.0,1.0,0.0,0.0,0.0,1.0,0.0,0.0,0.135,0.805,0.06,0.8155,0.184,0.746,0.07,0.9956,0.208,0.792,0.0,0.6114,0.263,0.737,0.0,0.3612,0.227,0.773,0.0,0.4767,0.0,0.0,0.0,0.0,0.364,0.521,0.115,0.5826,0.315,0.685,0.0,0.5574,0.162,0.83,0.007,0.9783,0.139,0.861,0.0,0.7142
Episode 147,Christmas Wishes,Mindy Kaling, Ed Hemls  ,7.9,2542,0.135,0.786,0.08,0.9438,0.184,0.789,0.027,0.9957,0.0,0.0,0.0,0.0,0.0,1.0,0.0,0.0,0.279,0.721,0.0,0.6996,0.147,0.779,0.074,0.7434,0.114,0.886,0.0,0.5158,0.078,0.882,0.04,0.4667,0.221,0.727,0.052,0.9993,0.223,0.777,0.0,0.915,0.242,0.667,0.092,0.7906,0.134,0.806,0.06,0.9039,0.0,0.0,0.0,0.0,0.146,0.854,0.0,0.6249,0.135,0.756,0.109,0.2878,0.253,0.747,0.0,0.9731,0.262,0.704,0.034,0.9966
Episode 148,Trivia,Steve Hely, B.J. Novak  ,7.9,2500,0.11,0.855,0.035,0.9736,0.234,0.749,0.017,0.9759,0.0,0.0,0.0,0.0,0.214,0.721,0.065,0.9695,0.259,0.741,0.0,0.3612,0.041,0.959,0.0,0.128,0.109,0.891,0.0,0.4215,0.224,0.717,0.058,0.9896,0.196,0.782,0.022,0.9984,0.1,0.871,0.029,0.296,0.148,0.79,0.062,0.7896,0.12,0.88,0.0,0.5305,0.0,0.0,0.0,0.0,0.0,1.0,0.0,0.0,0.0,0.0,0.0,0.0,0.199,0.768,0.033,0.93,0.07,0.93,0.0,0.372
Episode 149,Pool Party,Owen Ellickson, Charles McDougall  ,8.0,2701,0.159,0.735,0.106,0.9406,0.277,0.622,0.101,0.9957,0.0,0.0,0.0,0.0,0.089,0.85,0.061,-0.5615,0.133,0.867,0.0,0.471,0.258,0.742,0.0,0.8791,0.128,0.721,0.151,-0.4588,0.148,0.852,0.0,0.8492,0.162,0.776,0.062,0.9874,0.156,0.844,0.0,0.8271,0.242,0.6,0.158,0.7617,0.034,0.884,0.082,-0.3164,0.0,0.0,0.0,0.0,0.0,0.0,0.0,0.0,0.268,0.622,0.11,0.8249,0.164,0.765,0.071,0.8314,0.207,0.7,0.093,0.9961
Episode 150,Jury Duty,Aaron Shure, Eric Appel  ,7.4,2451,0.144,0.754,0.103,0.9874,0.168,0.799,0.034,0.9978,0.215,0.737,0.048,0.9773,0.086,0.894,0.02,0.6334,0.149,0.828,0.023,0.9675,0.049,0.721,0.23,-0.9713,0.144,0.832,0.024,0.8253,0.12,0.861,0.019,0.9403,0.124,0.757,0.118,-0.5897,0.0,1.0,0.0,0.0,0.186,0.814,0.0,0.4939,0.135,0.762,0.103,0.1779,0.0,0.0,0.0,0.0,0.0,0.874,0.126,-0.5974,0.066,0.934,0.0,0.3595,0.189,0.761,0.05,0.9447,0.114,0.83,0.056,0.6526
Episode 151,Special Project,Amelie Gillette, David Rogers  ,7.7,2387,0.168,0.765,0.068,0.998,0.163,0.83,0.007,0.9894,0.168,0.774,0.058,0.9732,0.135,0.773,0.092,0.593,0.085,0.866,0.048,0.7044,0.182,0.818,0.0,0.9091,0.214,0.786,0.0,0.4588,0.2,0.732,0.068,0.4019,0.145,0.806,0.049,0.9902,0.2,0.758,0.042,0.9746,0.066,0.801,0.133,-0.763,0.0,1.0,0.0,0.0,0.0,0.0,0.0,0.0,0.0,1.0,0.0,0.0,0.192,0.615,0.192,0.0,0.305,0.672,0.024,0.9971,0.226,0.764,0.01,0.9887
Episode 152,Tallahassee,Daniel Chun, Matt Sohn  ,7.8,2517,0.134,0.773,0.093,0.9821,0.102,0.755,0.143,-0.8319,0.226,0.741,0.033,0.9378,0.123,0.877,0.0,0.3939,0.0,0.0,0.0,0.0,0.175,0.713,0.111,0.7989,0.0,0.0,0.0,0.0,0.0,1.0,0.0,0.0,0.135,0.825,0.04,0.9691,0.135,0.865,0.0,0.8452,0.093,0.726,0.181,-0.6169,0.152,0.848,0.0,0.3612,0.0,0.0,0.0,0.0,0.455,0.545,0.0,0.8658,0.0,0.0,0.0,0.0,0.144,0.74,0.116,-0.25,0.13,0.813,0.057,0.8731
Episode 153,After Hours,Halsted Sullivan & Warren Lieberstein, Brian Baumgartner  ,8.1,2605,0.111,0.845,0.044,0.9873,0.184,0.771,0.045,0.9936,0.148,0.815,0.037,0.9406,0.118,0.882,0.0,0.4738,0.0,0.938,0.062,-0.2755,0.315,0.685,0.0,0.9432,0.148,0.783,0.07,0.4019,0.126,0.777,0.096,-0.3031,0.159,0.774,0.067,0.9693,0.226,0.774,0.0,0.984,0.096,0.813,0.091,-0.4574,0.0,0.0,0.0,0.0,0.0,0.0,0.0,0.0,0.0,0.0,0.0,0.0,0.0,0.0,0.0,0.0,0.182,0.771,0.047,0.9368,0.077,0.855,0.068,0.2714
Episode 154,Test the Store,Mindy Kaling, Brent Forrester  ,7.8,2481,0.159,0.788,0.053,0.9965,0.186,0.749,0.064,0.993,0.225,0.775,0.0,0.9153,0.057,0.802,0.141,-0.8037,0.222,0.594,0.184,0.4314,0.0,1.0,0.0,0.0,0.162,0.838,0.0,0.4404,0.207,0.662,0.131,0.4682,0.158,0.717,0.125,0.7444,0.124,0.78,0.097,0.78,0.245,0.706,0.05,0.9598,0.0,0.738,0.262,-0.7149,0.0,0.0,0.0,0.0,0.0,0.0,0.0,0.0,0.137,0.72,0.142,-0.8105,0.069,0.892,0.039,0.264,0.155,0.775,0.07,0.9186
Episode 155,Last Day in Florida,Robert Padnick, Matt Sohn  ,7.8,2411,0.166,0.777,0.057,0.9908,0.165,0.737,0.098,0.9768,0.148,0.742,0.11,0.5478,0.181,0.741,0.078,0.9792,0.185,0.815,0.0,0.3612,0.326,0.674,0.0,0.4404,0.31,0.69,0.0,0.8202,0.195,0.753,0.053,0.8402,0.179,0.745,0.076,0.9799,0.208,0.792,0.0,0.2732,0.077,0.863,0.06,0.2523,0.583,0.417,0.0,0.4215,0.0,0.0,0.0,0.0,0.0,1.0,0.0,0.0,0.121,0.839,0.041,0.897,0.072,0.916,0.012,0.9034,0.14,0.822,0.037,0.9547
Episode 156,Get the Girl,Charlie Grandy, Rainn Wilson  ,6.5,2824,0.122,0.771,0.107,0.6759,0.139,0.832,0.029,0.974,0.267,0.679,0.054,0.9907,0.146,0.743,0.111,0.2387,0.458,0.542,0.0,0.7757,0.6,0.4,0.0,0.4588,0.177,0.753,0.07,0.4588,0.252,0.748,0.0,0.5719,0.148,0.784,0.069,0.9874,0.0,1.0,0.0,0.0,0.577,0.423,0.0,0.6249,0.0,1.0,0.0,0.0,0.0,0.0,0.0,0.0,0.0,1.0,0.0,0.0,0.142,0.795,0.063,0.5927,0.0,1.0,0.0,0.0,0.211,0.714,0.075,0.9929
Episode 157,Welcome Party,Steve Hely, Ed Helms  ,7.0,2495,0.192,0.713,0.095,0.9591,0.137,0.787,0.076,0.9671,0.215,0.719,0.066,0.9913,0.302,0.698,0.0,0.8736,0.195,0.74,0.065,0.8932,0.0,1.0,0.0,0.0,0.163,0.733,0.104,0.2567,0.167,0.775,0.058,0.836,0.178,0.715,0.107,0.9931,0.144,0.856,0.0,0.4926,0.0,0.0,0.0,0.0,0.0,0.0,0.0,0.0,0.0,0.0,0.0,0.0,0.158,0.687,0.155,0.0516,0.0,0.0,0.0,0.0,0.05,0.731,0.219,-0.6597,0.191,0.765,0.044,0.965
Episode 158,Angry Andy,Justin Spitzer, Claire Scanlon  ,6.9,2681,0.178,0.757,0.065,0.9809,0.119,0.881,0.0,0.9235,0.271,0.626,0.103,0.9956,0.335,0.581,0.084,0.9568,0.081,0.619,0.3,-0.6876,0.0,0.577,0.423,-0.296,0.231,0.769,0.0,0.9716,0.189,0.779,0.032,0.8336,0.124,0.771,0.105,0.7699,0.176,0.762,0.062,0.996,0.286,0.681,0.034,0.9805,0.0,1.0,0.0,0.0,0.0,0.0,0.0,0.0,0.189,0.651,0.16,0.128,0.196,0.804,0.0,0.296,0.187,0.708,0.104,0.6641,0.111,0.738,0.152,-0.8565
Episode 159,Fundraiser,Owen Ellickson, David Rogers  ,7.0,2403,0.183,0.733,0.084,0.9604,0.203,0.779,0.018,0.9867,0.22,0.722,0.059,0.9786,0.1,0.732,0.169,-0.9579,0.083,0.785,0.132,-0.6083,0.0,1.0,0.0,0.0,0.0,1.0,0.0,0.0,0.061,0.787,0.153,-0.9349,0.207,0.725,0.069,0.997,0.241,0.69,0.07,0.9896,0.0,0.0,0.0,0.0,0.0,1.0,0.0,0.0,0.0,0.0,0.0,0.0,0.238,0.42,0.342,-0.5411,0.0,0.0,0.0,0.0,0.043,0.884,0.073,-0.4486,0.214,0.786,0.0,0.9431
Episode 160,Turf War,Warren Lieberstein & Halsted Sullivan, Daniel Chun  ,7.6,2326,0.117,0.835,0.048,0.9828,0.145,0.825,0.03,0.9856,0.183,0.798,0.019,0.9512,0.0,1.0,0.0,0.0,0.0,0.873,0.127,-0.7602,0.42,0.58,0.0,0.4404,0.371,0.629,0.0,0.7096,0.0,1.0,0.0,0.0,0.18,0.739,0.081,0.9869,0.0,0.0,0.0,0.0,0.0,0.0,0.0,0.0,0.0,0.0,0.0,0.0,0.0,0.0,0.0,0.0,0.524,0.476,0.0,0.296,0.162,0.759,0.078,0.6808,0.0,0.0,0.0,0.0,0.073,0.842,0.085,-0.2168
Episode 161,Free Family Portrait Studio,B.J. Novak, B.J. Novak  ,7.7,2423,0.247,0.723,0.03,0.9941,0.112,0.8,0.088,0.6848,0.18,0.788,0.033,0.9397,0.13,0.791,0.079,0.2714,0.1,0.822,0.078,0.6588,0.0,0.597,0.403,-0.4019,0.157,0.843,0.0,0.5171,0.188,0.775,0.037,0.9454,0.168,0.772,0.06,0.9919,0.0,0.0,0.0,0.0,0.212,0.788,0.0,0.8225,0.085,0.654,0.261,-0.5696,0.0,0.0,0.0,0.0,0.521,0.479,0.0,0.8271,0.077,0.864,0.059,0.1779,0.226,0.729,0.045,0.9883,0.12,0.746,0.134,-0.2732
Episode 162,New Guys,Greg Daniels, Greg Daniels  ,7.6,2604,0.241,0.716,0.043,0.9989,0.137,0.803,0.059,0.9675,0.17,0.779,0.051,0.963,0.209,0.767,0.024,0.9801,0.292,0.66,0.049,0.9954,0.213,0.787,0.0,0.5574,0.0,0.25,0.75,-0.4588,0.124,0.84,0.036,0.6486,0.123,0.806,0.071,0.9552,0.0,1.0,0.0,0.0,0.0,0.861,0.139,-0.5267,0.0,0.902,0.098,-0.0772,0.0,0.0,0.0,0.0,0.21,0.666,0.124,0.6956,0.016,0.947,0.037,-0.4151,0.244,0.709,0.047,0.7177,0.153,0.847,0.0,0.9283
Episode 163,Roy's Wedding,Allison Silverman, Matt Sohn  ,7.1,2481,0.194,0.712,0.094,0.9679,0.174,0.797,0.03,0.995,0.141,0.823,0.036,0.9931,0.125,0.821,0.054,0.8529,0.144,0.745,0.112,0.4376,0.0,1.0,0.0,0.0,0.0,0.789,0.211,-0.1531,0.09,0.882,0.029,0.5803,0.23,0.756,0.014,0.9966,0.0,0.0,0.0,0.0,0.0,0.0,0.0,0.0,0.0,1.0,0.0,0.0,0.0,0.0,0.0,0.0,0.252,0.649,0.099,0.7506,0.127,0.873,0.0,0.6369,0.138,0.834,0.028,0.9097,0.13,0.797,0.072,0.9427
Episode 164,Andy's Ancestry,"Jonathan Green, Gabe Miller", David Rogers  ,7.3,2456,0.164,0.826,0.01,0.9872,0.117,0.819,0.064,0.8862,0.2,0.757,0.044,0.9946,0.132,0.868,0.0,0.4098,0.0,0.489,0.511,-0.7412,0.29,0.71,0.0,0.6486,0.086,0.914,0.0,0.3468,0.136,0.751,0.113,0.4815,0.131,0.796,0.073,0.9841,0.0,0.0,0.0,0.0,0.0,0.0,0.0,0.0,0.278,0.722,0.0,0.5374,0.0,0.0,0.0,0.0,0.0,0.0,0.0,0.0,0.0,0.0,0.0,0.0,0.192,0.751,0.057,0.9904,0.183,0.765,0.052,0.9745
Episode 165,Work Bus,Greg Daniels, Bryan Cranston  ,7.8,2618,0.148,0.767,0.086,0.9916,0.12,0.837,0.043,0.9893,0.237,0.72,0.043,0.9869,0.045,0.809,0.146,-0.9112,0.193,0.807,0.0,0.6458,0.096,0.865,0.039,0.5,0.094,0.906,0.0,0.3382,0.054,0.92,0.026,0.5312,0.188,0.683,0.129,0.9767,0.0,0.0,0.0,0.0,0.0,0.0,0.0,0.0,0.229,0.599,0.172,0.3278,0.0,0.0,0.0,0.0,0.211,0.673,0.117,0.2732,0.0,1.0,0.0,0.0,0.146,0.854,0.0,0.6476,0.194,0.774,0.033,0.9458
Episode 166,Here Comes Treble,Owen Ellickson, Claire Scanlon  ,7.0,2541,0.122,0.683,0.196,-0.9922,0.141,0.853,0.007,0.9885,0.096,0.88,0.024,0.9,0.293,0.576,0.13,0.8838,0.111,0.811,0.078,0.6169,0.175,0.569,0.256,-0.4019,0.0,0.0,0.0,0.0,0.157,0.843,0.0,0.4215,0.141,0.76,0.099,0.9639,0.0,0.0,0.0,0.0,0.0,0.0,0.0,0.0,0.194,0.746,0.061,0.7018,0.0,0.0,0.0,0.0,0.178,0.822,0.0,0.5356,0.214,0.786,0.0,0.4588,0.068,0.932,0.0,0.3736,0.162,0.725,0.113,0.9284
Episode 167,The Boat,Dan Sterling, John Krasinski  ,7.7,2480,0.154,0.779,0.067,0.9808,0.04,0.886,0.074,0.4603,0.148,0.796,0.056,0.942,0.161,0.769,0.069,0.9639,0.043,0.788,0.169,-0.8971,0.0,0.0,0.0,0.0,0.0,0.0,0.0,0.0,0.146,0.744,0.11,0.901,0.149,0.775,0.077,0.9942,0.0,0.0,0.0,0.0,0.0,0.0,0.0,0.0,0.129,0.871,0.0,0.594,0.0,0.0,0.0,0.0,0.268,0.732,0.0,0.296,0.035,0.835,0.13,-0.755,0.0,0.872,0.128,-0.4215,0.242,0.733,0.025,0.9976
Episode 168,The Whale,Carrie Kemper, Rodman Flender  ,7.6,2370,0.208,0.748,0.045,0.998,0.087,0.865,0.048,0.6588,0.216,0.714,0.07,0.9969,0.192,0.808,0.0,0.4753,0.135,0.841,0.024,0.957,0.0,0.0,0.0,0.0,0.116,0.804,0.08,0.684,0.124,0.816,0.06,0.9361,0.19,0.682,0.129,0.8787,0.0,0.0,0.0,0.0,0.0,0.0,0.0,0.0,0.0,0.845,0.155,-0.593,0.0,0.0,0.0,0.0,0.0,0.652,0.348,-0.1531,0.337,0.663,0.0,0.946,0.0,1.0,0.0,0.0,0.201,0.746,0.053,0.9797
Episode 169,The Target,Graham Wagner, Brent Forreste  ,7.8,2466,0.157,0.764,0.078,0.9919,0.13,0.851,0.018,0.9772,0.118,0.837,0.045,0.9463,0.189,0.811,0.0,0.9463,0.124,0.801,0.075,0.8963,0.106,0.859,0.035,0.6531,0.189,0.784,0.027,0.9178,0.121,0.747,0.132,-0.8473,0.0,0.0,0.0,0.0,0.0,0.0,0.0,0.0,0.0,0.0,0.0,0.0,0.143,0.817,0.04,0.5294,0.0,0.0,0.0,0.0,0.291,0.561,0.147,0.4767,0.076,0.924,0.0,0.3182,0.081,0.919,0.0,0.3839,0.228,0.734,0.038,0.8852
Episode 170,Dwight Christmas,Robert Padnick, Charles McDougall  ,8.4,2801,0.13,0.813,0.058,0.9928,0.159,0.806,0.035,0.9949,0.22,0.746,0.034,0.9869,0.23,0.706,0.063,0.9549,0.206,0.717,0.077,0.7767,0.149,0.595,0.257,-0.4588,0.177,0.803,0.02,0.9468,0.112,0.826,0.062,0.5255,0.0,0.0,0.0,0.0,0.0,0.0,0.0,0.0,0.0,0.0,0.0,0.0,0.076,0.887,0.037,0.4276,0.0,0.0,0.0,0.0,0.0,0.786,0.214,-0.25,0.081,0.874,0.045,0.6961,0.108,0.892,0.0,0.9364,0.134,0.773,0.093,0.9367
Episode 171,Lice,Niki Schwartz-Wright, Rodman Flender  ,7.6,2461,0.166,0.759,0.075,0.977,0.147,0.754,0.099,0.9639,0.176,0.731,0.093,0.9953,0.144,0.762,0.094,0.7556,0.163,0.837,0.0,0.8819,0.06,0.725,0.214,-0.7256,0.138,0.76,0.102,0.2359,0.19,0.781,0.029,0.9116,0.0,0.0,0.0,0.0,0.0,0.0,0.0,0.0,0.0,0.0,0.0,0.0,0.112,0.851,0.038,0.9257,0.0,0.0,0.0,0.0,0.104,0.753,0.143,-0.1298,0.0,0.0,0.0,0.0,0.18,0.772,0.048,0.9604,0.162,0.779,0.058,0.986
Episode 172,Suit Warehouse,Dan Greaney, Matt Sohn  ,7.8,2417,0.21,0.726,0.065,0.9983,0.157,0.81,0.032,0.9813,0.26,0.668,0.072,0.9954,0.132,0.848,0.02,0.8985,0.087,0.626,0.287,-0.9436,0.137,0.863,0.0,0.6229,0.0,1.0,0.0,0.0,0.139,0.829,0.032,0.9455,0.0,0.0,0.0,0.0,0.0,0.0,0.0,0.0,0.0,0.0,0.0,0.0,0.292,0.64,0.068,0.8977,0.0,0.0,0.0,0.0,0.194,0.806,0.0,0.4374,0.0,0.0,0.0,0.0,0.192,0.745,0.063,0.9841,0.164,0.764,0.072,0.9827
Episode 173,Customer Loyalty,Charlie Grandy, Rainn Wilson  ,7.9,2490,0.157,0.755,0.087,0.9921,0.106,0.849,0.045,0.9691,0.202,0.772,0.026,0.9984,0.094,0.88,0.026,0.6561,0.212,0.682,0.107,0.8328,0.311,0.689,0.0,0.3089,0.197,0.72,0.084,0.7757,0.138,0.811,0.051,0.6848,0.0,0.0,0.0,0.0,0.0,0.0,0.0,0.0,0.0,0.0,0.0,0.0,0.371,0.629,0.0,0.6705,0.0,0.0,0.0,0.0,0.0,1.0,0.0,0.0,0.328,0.557,0.115,0.924,0.142,0.791,0.066,0.9261,0.188,0.746,0.067,0.9667
Episode 174,Junior Salesman,Carrie Kemper, David Rogers  ,7.5,2360,0.217,0.731,0.051,0.9996,0.157,0.81,0.032,0.9963,0.143,0.8,0.057,0.921,0.0,1.0,0.0,0.0,0.091,0.909,0.0,0.0772,0.0,1.0,0.0,0.0,0.0,0.0,0.0,0.0,0.045,0.597,0.358,-0.9217,0.0,0.0,0.0,0.0,0.0,0.0,0.0,0.0,0.0,0.0,0.0,0.0,0.0,0.856,0.144,-0.594,0.0,0.0,0.0,0.0,0.0,0.0,0.0,0.0,0.0,0.0,0.0,0.0,0.318,0.682,0.0,0.6808,0.0,1.0,0.0,0.0
Episode 175,Vandalism,Owen Ellickson, Lee Kirk  ,7.4,2355,0.179,0.767,0.055,0.9959,0.168,0.757,0.075,0.9835,0.187,0.742,0.071,0.9983,0.265,0.688,0.047,0.9672,0.1,0.766,0.134,-0.7958,0.0,0.0,0.0,0.0,0.0,1.0,0.0,0.0,0.092,0.774,0.133,-0.8453,0.0,0.0,0.0,0.0,0.0,0.0,0.0,0.0,0.0,0.0,0.0,0.0,0.153,0.742,0.105,0.0258,0.0,0.0,0.0,0.0,0.225,0.775,0.0,0.4404,0.073,0.848,0.079,-0.0258,0.188,0.75,0.062,0.9935,0.223,0.756,0.022,0.9793
Episode 176,Couples Discount,Allison Silverman, Troy Miller  ,7.2,2397,0.11,0.829,0.061,0.946,0.196,0.711,0.093,0.9897,0.141,0.771,0.088,0.844,0.138,0.862,0.0,0.9062,0.115,0.885,0.0,0.6808,0.0,0.749,0.251,-0.5719,0.0,0.895,0.105,-0.8201,0.1,0.85,0.05,0.5514,0.198,0.752,0.05,0.9991,0.0,0.0,0.0,0.0,0.0,0.0,0.0,0.0,0.135,0.807,0.058,0.6381,0.0,0.0,0.0,0.0,0.0,0.0,0.0,0.0,0.0,0.0,0.0,0.0,0.219,0.661,0.12,0.8479,0.162,0.726,0.112,0.9421
Episode 177,Moving On,Graham Wagner, Jon Favreau  ,8.1,2614,0.156,0.79,0.054,0.9932,0.225,0.733,0.042,0.995,0.176,0.782,0.042,0.9947,0.178,0.822,0.0,0.5007,0.176,0.729,0.095,0.9528,0.0,0.651,0.349,-0.8442,0.207,0.68,0.113,0.5463,0.212,0.771,0.016,0.9846,0.191,0.704,0.106,0.9984,0.0,0.0,0.0,0.0,0.0,0.0,0.0,0.0,0.147,0.853,0.0,0.7074,0.0,0.0,0.0,0.0,0.127,0.873,0.0,0.4404,0.112,0.803,0.085,0.5803,0.0,0.835,0.165,-0.8271,0.094,0.868,0.038,0.8867
Episode 178,The Farm,Paul Lieberstein, Paul Lieberstein  ,7.5,2740,0.163,0.734,0.103,0.9795,0.162,0.712,0.126,0.1154,0.14,0.785,0.075,0.949,0.213,0.689,0.099,0.8625,0.0,0.901,0.099,-0.4098,0.0,0.893,0.107,-0.34,0.221,0.719,0.06,0.9326,0.084,0.814,0.103,0.2869,0.164,0.783,0.052,0.857,0.0,0.0,0.0,0.0,0.0,0.0,0.0,0.0,0.0,0.843,0.157,-0.0772,0.0,0.0,0.0,0.0,0.164,0.815,0.022,0.8091,0.0,0.0,0.0,0.0,0.262,0.738,0.0,0.4939,0.0,0.865,0.135,-0.3612
Episode 179,Promos,Tim McAuliffe, Jennifer Celotta  ,8.0,2427,0.14,0.774,0.086,0.9581,0.18,0.776,0.043,0.9822,0.234,0.737,0.03,0.9965,0.109,0.891,0.0,0.7941,0.184,0.739,0.077,0.9797,0.071,0.929,0.0,0.3753,0.074,0.744,0.181,-0.6654,0.256,0.669,0.075,0.9891,0.137,0.767,0.095,0.8493,0.0,0.0,0.0,0.0,0.0,0.0,0.0,0.0,0.118,0.809,0.072,0.3802,0.0,0.0,0.0,0.0,0.0,0.0,0.0,0.0,0.12,0.695,0.185,-0.4779,0.111,0.889,0.0,0.6289,0.0,1.0,0.0,0.0
Episode 180,Stairmageddon,Dan Sterling, Matt Sohn  ,8.0,2506,0.126,0.839,0.036,0.9912,0.101,0.888,0.011,0.897,0.216,0.75,0.034,0.9169,0.192,0.778,0.03,0.8798,0.331,0.605,0.064,0.9501,0.104,0.748,0.148,-0.7862,0.09,0.753,0.158,-0.2263,0.027,0.901,0.072,-0.5658,0.174,0.747,0.079,0.9919,0.0,0.0,0.0,0.0,0.0,0.0,0.0,0.0,0.0,0.795,0.205,-0.4767,0.0,0.0,0.0,0.0,0.237,0.763,0.0,0.4215,0.081,0.776,0.144,-0.8879,0.0,0.0,0.0,0.0,0.091,0.909,0.0,0.8727
Episode 181,Paper Airplane,Halsted Sullivan & Warren Lieberstein, Jesse Peretz  ,8.0,2572,0.204,0.782,0.015,0.9905,0.257,0.688,0.055,0.9895,0.353,0.61,0.038,0.997,0.226,0.774,0.0,0.9273,0.218,0.698,0.084,0.9727,0.0,1.0,0.0,0.0,0.0,0.0,0.0,0.0,0.0,0.728,0.272,-0.4574,0.142,0.793,0.065,0.9865,0.0,0.0,0.0,0.0,0.0,0.0,0.0,0.0,0.0,0.0,0.0,0.0,0.0,0.0,0.0,0.0,0.176,0.824,0.0,0.4588,0.102,0.863,0.035,0.5386,0.148,0.789,0.063,0.5191,0.151,0.66,0.189,-0.8082
Episode 182,Livin' the Dream,Niki Schwartz-Wright, Jeffrey Blitz  ,9.1,3694,0.117,0.816,0.067,0.9816,0.242,0.707,0.051,0.9987,0.18,0.807,0.013,0.962,0.25,0.682,0.068,0.9832,0.203,0.705,0.092,0.9897,0.238,0.547,0.215,0.2869,0.334,0.666,0.0,0.9332,0.119,0.755,0.126,-0.3632,0.159,0.744,0.097,0.9953,0.0,0.0,0.0,0.0,0.0,0.0,0.0,0.0,0.211,0.704,0.085,0.3612,0.0,0.0,0.0,0.0,0.0,0.84,0.16,-0.5789,0.06,0.94,0.0,0.2263,0.07,0.878,0.052,0.4682,0.196,0.727,0.077,0.9664
Episode 183,A.A.R.M.,Brent Forrester, David Rogers  ,9.5,4993,0.147,0.796,0.057,0.9981,0.161,0.761,0.078,0.9974,0.311,0.637,0.051,0.9971,0.193,0.65,0.157,0.8968,0.138,0.816,0.046,0.9557,0.191,0.746,0.063,0.6705,0.135,0.865,0.0,0.6467,0.084,0.872,0.044,0.7936,0.134,0.81,0.056,0.9909,0.0,0.0,0.0,0.0,0.0,0.0,0.0,0.0,0.18,0.713,0.107,0.8228,0.0,0.0,0.0,0.0,0.098,0.902,0.0,0.5972,0.0,0.0,0.0,0.0,0.146,0.798,0.056,0.9743,0.19,0.749,0.06,0.969
Episode 184,Finale,Greg Daniels, Ken Kwapis  ,9.8,12903,0.106,0.846,0.048,0.993,0.13,0.84,0.03,0.9957,0.209,0.735,0.056,0.9992,0.189,0.778,0.033,0.9889,0.175,0.771,0.054,0.9838,0.072,0.898,0.03,0.4779,0.092,0.839,0.069,0.7149,0.114,0.85,0.036,0.8718,0.145,0.762,0.092,0.9686,0.159,0.788,0.053,0.9396,0.195,0.744,0.06,0.9604,0.217,0.71,0.073,0.9691,0.22,0.78,0.0,0.5423,0.192,0.789,0.019,0.9508,0.12,0.846,0.034,0.6844,0.142,0.797,0.061,0.952,0.212,0.683,0.105,0.9395
